ISO-10303-21;
HEADER;
FILE_DESCRIPTION(('FreeCAD Model'),'2;1');
FILE_NAME('Open CASCADE Shape Model','2026-08-30T21:51:13',('FreeCAD'),(
    'FreeCAD'),'Open CASCADE STEP processor 7.8','FreeCAD','Unknown');
FILE_SCHEMA(('AUTOMOTIVE_DESIGN { 1 0 10303 214 1 1 1 1 }'));
ENDSEC;
DATA;
#1 = APPLICATION_PROTOCOL_DEFINITION('international standard',
  'automotive_design',2000,#2);
#2 = APPLICATION_CONTEXT(
  'core data for automotive mechanical design processes');
#3 = SHAPE_DEFINITION_REPRESENTATION(#4,#10);
#4 = PRODUCT_DEFINITION_SHAPE('','',#5);
#5 = PRODUCT_DEFINITION('design','',#6,#9);
#6 = PRODUCT_DEFINITION_FORMATION('','',#7);
#7 = PRODUCT('Open CASCADE STEP translator 7.8 1',
  'Open CASCADE STEP translator 7.8 1','',(#8));
#8 = PRODUCT_CONTEXT('',#2,'mechanical');
#9 = PRODUCT_DEFINITION_CONTEXT('part definition',#2,'design');
#10 = ADVANCED_BREP_SHAPE_REPRESENTATION('',(#11,#15),#3955);
#11 = AXIS2_PLACEMENT_3D('',#12,#13,#14);
#12 = CARTESIAN_POINT('',(0.,0.,0.));
#13 = DIRECTION('',(0.,0.,1.));
#14 = DIRECTION('',(1.,0.,-0.));
#15 = MANIFOLD_SOLID_BREP('',#16);
#16 = CLOSED_SHELL('',(#17,#57,#88,#119,#141,#1063,#1110,#1135,#1159,
    #1184,#1208,#1233,#1258,#1283,#1307,#1332,#1356,#1387,#1411,#1435,
    #1460,#1478,#1516,#1547,#1572,#1597,#1622,#1646,#1686,#1726,#1751,
    #1775,#1800,#1824,#1849,#1874,#1899,#1923,#1948,#1972,#2003,#2021,
    #2046,#2084,#2115,#2140,#2165,#2190,#2214,#2254,#2294,#2319,#2343,
    #2368,#2392,#2417,#2442,#2467,#2491,#2516,#2540,#2571,#2589,#2614,
    #2652,#2683,#2707,#2731,#2756,#2781,#2805,#2830,#2854,#2879,#2903,
    #2928,#2953,#2978,#2995,#3026,#3051,#3075,#3093,#3117,#3142,#3166,
    #3191,#3215,#3240,#3265,#3290,#3307,#3338,#3363,#3387,#3405,#3429,
    #3454,#3478,#3503,#3527,#3552,#3577,#3602,#3619,#3659,#3684,#3708,
    #3726,#3751,#3775,#3799,#3811,#3823,#3835));
#17 = ADVANCED_FACE('',(#18),#52,.F.);
#18 = FACE_BOUND('',#19,.F.);
#19 = EDGE_LOOP('',(#20,#30,#38,#46));
#20 = ORIENTED_EDGE('',*,*,#21,.F.);
#21 = EDGE_CURVE('',#22,#24,#26,.T.);
#22 = VERTEX_POINT('',#23);
#23 = CARTESIAN_POINT('',(-34.55,19.65,15.4));
#24 = VERTEX_POINT('',#25);
#25 = CARTESIAN_POINT('',(-34.55,19.65,26.1));
#26 = LINE('',#27,#28);
#27 = CARTESIAN_POINT('',(-34.55,19.65,15.4));
#28 = VECTOR('',#29,1.);
#29 = DIRECTION('',(0.,0.,1.));
#30 = ORIENTED_EDGE('',*,*,#31,.T.);
#31 = EDGE_CURVE('',#22,#32,#34,.T.);
#32 = VERTEX_POINT('',#33);
#33 = CARTESIAN_POINT('',(-34.55,21.65,15.4));
#34 = LINE('',#35,#36);
#35 = CARTESIAN_POINT('',(-34.55,19.65,15.4));
#36 = VECTOR('',#37,1.);
#37 = DIRECTION('',(0.,1.,0.));
#38 = ORIENTED_EDGE('',*,*,#39,.T.);
#39 = EDGE_CURVE('',#32,#40,#42,.T.);
#40 = VERTEX_POINT('',#41);
#41 = CARTESIAN_POINT('',(-34.55,21.65,26.1));
#42 = LINE('',#43,#44);
#43 = CARTESIAN_POINT('',(-34.55,21.65,15.4));
#44 = VECTOR('',#45,1.);
#45 = DIRECTION('',(0.,0.,1.));
#46 = ORIENTED_EDGE('',*,*,#47,.F.);
#47 = EDGE_CURVE('',#24,#40,#48,.T.);
#48 = LINE('',#49,#50);
#49 = CARTESIAN_POINT('',(-34.55,19.65,26.1));
#50 = VECTOR('',#51,1.);
#51 = DIRECTION('',(0.,1.,0.));
#52 = PLANE('',#53);
#53 = AXIS2_PLACEMENT_3D('',#54,#55,#56);
#54 = CARTESIAN_POINT('',(-34.55,19.65,15.4));
#55 = DIRECTION('',(1.,0.,0.));
#56 = DIRECTION('',(0.,0.,1.));
#57 = ADVANCED_FACE('',(#58),#83,.T.);
#58 = FACE_BOUND('',#59,.T.);
#59 = EDGE_LOOP('',(#60,#61,#69,#77));
#60 = ORIENTED_EDGE('',*,*,#47,.F.);
#61 = ORIENTED_EDGE('',*,*,#62,.T.);
#62 = EDGE_CURVE('',#24,#63,#65,.T.);
#63 = VERTEX_POINT('',#64);
#64 = CARTESIAN_POINT('',(6.45,19.65,26.1));
#65 = LINE('',#66,#67);
#66 = CARTESIAN_POINT('',(-34.55,19.65,26.1));
#67 = VECTOR('',#68,1.);
#68 = DIRECTION('',(1.,0.,0.));
#69 = ORIENTED_EDGE('',*,*,#70,.T.);
#70 = EDGE_CURVE('',#63,#71,#73,.T.);
#71 = VERTEX_POINT('',#72);
#72 = CARTESIAN_POINT('',(6.45,21.65,26.1));
#73 = LINE('',#74,#75);
#74 = CARTESIAN_POINT('',(6.45,19.65,26.1));
#75 = VECTOR('',#76,1.);
#76 = DIRECTION('',(0.,1.,0.));
#77 = ORIENTED_EDGE('',*,*,#78,.F.);
#78 = EDGE_CURVE('',#40,#71,#79,.T.);
#79 = LINE('',#80,#81);
#80 = CARTESIAN_POINT('',(-34.55,21.65,26.1));
#81 = VECTOR('',#82,1.);
#82 = DIRECTION('',(1.,0.,0.));
#83 = PLANE('',#84);
#84 = AXIS2_PLACEMENT_3D('',#85,#86,#87);
#85 = CARTESIAN_POINT('',(-34.55,19.65,26.1));
#86 = DIRECTION('',(0.,0.,1.));
#87 = DIRECTION('',(1.,0.,0.));
#88 = ADVANCED_FACE('',(#89),#114,.F.);
#89 = FACE_BOUND('',#90,.F.);
#90 = EDGE_LOOP('',(#91,#92,#100,#108));
#91 = ORIENTED_EDGE('',*,*,#31,.F.);
#92 = ORIENTED_EDGE('',*,*,#93,.T.);
#93 = EDGE_CURVE('',#22,#94,#96,.T.);
#94 = VERTEX_POINT('',#95);
#95 = CARTESIAN_POINT('',(6.45,19.65,15.4));
#96 = LINE('',#97,#98);
#97 = CARTESIAN_POINT('',(-34.55,19.65,15.4));
#98 = VECTOR('',#99,1.);
#99 = DIRECTION('',(1.,0.,0.));
#100 = ORIENTED_EDGE('',*,*,#101,.T.);
#101 = EDGE_CURVE('',#94,#102,#104,.T.);
#102 = VERTEX_POINT('',#103);
#103 = CARTESIAN_POINT('',(6.45,21.65,15.4));
#104 = LINE('',#105,#106);
#105 = CARTESIAN_POINT('',(6.45,19.65,15.4));
#106 = VECTOR('',#107,1.);
#107 = DIRECTION('',(0.,1.,0.));
#108 = ORIENTED_EDGE('',*,*,#109,.F.);
#109 = EDGE_CURVE('',#32,#102,#110,.T.);
#110 = LINE('',#111,#112);
#111 = CARTESIAN_POINT('',(-34.55,21.65,15.4));
#112 = VECTOR('',#113,1.);
#113 = DIRECTION('',(1.,0.,0.));
#114 = PLANE('',#115);
#115 = AXIS2_PLACEMENT_3D('',#116,#117,#118);
#116 = CARTESIAN_POINT('',(-34.55,19.65,15.4));
#117 = DIRECTION('',(0.,0.,1.));
#118 = DIRECTION('',(1.,0.,0.));
#119 = ADVANCED_FACE('',(#120),#136,.T.);
#120 = FACE_BOUND('',#121,.T.);
#121 = EDGE_LOOP('',(#122,#128,#129,#135));
#122 = ORIENTED_EDGE('',*,*,#123,.F.);
#123 = EDGE_CURVE('',#94,#63,#124,.T.);
#124 = LINE('',#125,#126);
#125 = CARTESIAN_POINT('',(6.45,19.65,15.4));
#126 = VECTOR('',#127,1.);
#127 = DIRECTION('',(0.,0.,1.));
#128 = ORIENTED_EDGE('',*,*,#101,.T.);
#129 = ORIENTED_EDGE('',*,*,#130,.T.);
#130 = EDGE_CURVE('',#102,#71,#131,.T.);
#131 = LINE('',#132,#133);
#132 = CARTESIAN_POINT('',(6.45,21.65,15.4));
#133 = VECTOR('',#134,1.);
#134 = DIRECTION('',(0.,0.,1.));
#135 = ORIENTED_EDGE('',*,*,#70,.F.);
#136 = PLANE('',#137);
#137 = AXIS2_PLACEMENT_3D('',#138,#139,#140);
#138 = CARTESIAN_POINT('',(6.45,19.65,15.4));
#139 = DIRECTION('',(1.,0.,0.));
#140 = DIRECTION('',(0.,0.,1.));
#141 = ADVANCED_FACE('',(#142,#148,#440,#732,#895),#1058,.F.);
#142 = FACE_BOUND('',#143,.T.);
#143 = EDGE_LOOP('',(#144,#145,#146,#147));
#144 = ORIENTED_EDGE('',*,*,#93,.T.);
#145 = ORIENTED_EDGE('',*,*,#123,.T.);
#146 = ORIENTED_EDGE('',*,*,#62,.F.);
#147 = ORIENTED_EDGE('',*,*,#21,.F.);
#148 = FACE_BOUND('',#149,.F.);
#149 = EDGE_LOOP('',(#150,#161,#170,#178,#186,#194,#203,#211,#220,#228,
    #237,#246,#255,#263,#272,#280,#289,#297,#306,#315,#323,#332,#340,
    #349,#358,#367,#375,#383,#391,#400,#408,#417,#425,#434));
#150 = ORIENTED_EDGE('',*,*,#151,.F.);
#151 = EDGE_CURVE('',#152,#154,#156,.T.);
#152 = VERTEX_POINT('',#153);
#153 = CARTESIAN_POINT('',(-21.80609756097,19.65,23.90487804878));
#154 = VERTEX_POINT('',#155);
#155 = CARTESIAN_POINT('',(-21.45490148739,19.65,25.1));
#156 = CIRCLE('',#157,0.7125);
#157 = AXIS2_PLACEMENT_3D('',#158,#159,#160);
#158 = CARTESIAN_POINT('',(-21.9625,19.65,24.6));
#159 = DIRECTION('',(0.,-1.,0.));
#160 = DIRECTION('',(0.219512195122,0.,-0.975609756098));
#161 = ORIENTED_EDGE('',*,*,#162,.F.);
#162 = EDGE_CURVE('',#163,#152,#165,.T.);
#163 = VERTEX_POINT('',#164);
#164 = CARTESIAN_POINT('',(-21.85,19.65,23.9));
#165 = CIRCLE('',#166,0.2);
#166 = AXIS2_PLACEMENT_3D('',#167,#168,#169);
#167 = CARTESIAN_POINT('',(-21.85,19.65,24.1));
#168 = DIRECTION('',(-0.,-1.,-0.));
#169 = DIRECTION('',(-1.,0.,0.));
#170 = ORIENTED_EDGE('',*,*,#171,.F.);
#171 = EDGE_CURVE('',#172,#163,#174,.T.);
#172 = VERTEX_POINT('',#173);
#173 = CARTESIAN_POINT('',(-22.05,19.65,23.9));
#174 = LINE('',#175,#176);
#175 = CARTESIAN_POINT('',(-25.05,19.65,23.9));
#176 = VECTOR('',#177,1.);
#177 = DIRECTION('',(1.,0.,0.));
#178 = ORIENTED_EDGE('',*,*,#179,.F.);
#179 = EDGE_CURVE('',#180,#172,#182,.T.);
#180 = VERTEX_POINT('',#181);
#181 = CARTESIAN_POINT('',(-22.05,19.65,21.4));
#182 = LINE('',#183,#184);
#183 = CARTESIAN_POINT('',(-22.05,19.65,21.4));
#184 = VECTOR('',#185,1.);
#185 = DIRECTION('',(0.,0.,1.));
#186 = ORIENTED_EDGE('',*,*,#187,.F.);
#187 = EDGE_CURVE('',#188,#180,#190,.T.);
#188 = VERTEX_POINT('',#189);
#189 = CARTESIAN_POINT('',(-24.85,19.65,21.4));
#190 = LINE('',#191,#192);
#191 = CARTESIAN_POINT('',(-28.05,19.65,21.4));
#192 = VECTOR('',#193,1.);
#193 = DIRECTION('',(1.,0.,0.));
#194 = ORIENTED_EDGE('',*,*,#195,.F.);
#195 = EDGE_CURVE('',#196,#188,#198,.T.);
#196 = VERTEX_POINT('',#197);
#197 = CARTESIAN_POINT('',(-25.05,19.65,21.2));
#198 = CIRCLE('',#199,0.2);
#199 = AXIS2_PLACEMENT_3D('',#200,#201,#202);
#200 = CARTESIAN_POINT('',(-25.05,19.65,21.4));
#201 = DIRECTION('',(-0.,-1.,-0.));
#202 = DIRECTION('',(-1.,0.,0.));
#203 = ORIENTED_EDGE('',*,*,#204,.T.);
#204 = EDGE_CURVE('',#196,#205,#207,.T.);
#205 = VERTEX_POINT('',#206);
#206 = CARTESIAN_POINT('',(-28.18492153363,19.65,21.2));
#207 = LINE('',#208,#209);
#208 = CARTESIAN_POINT('',(-25.05,19.65,21.2));
#209 = VECTOR('',#210,1.);
#210 = DIRECTION('',(-1.,0.,0.));
#211 = ORIENTED_EDGE('',*,*,#212,.T.);
#212 = EDGE_CURVE('',#205,#213,#215,.T.);
#213 = VERTEX_POINT('',#214);
#214 = CARTESIAN_POINT('',(-28.18492153363,19.65,20.1));
#215 = CIRCLE('',#216,0.703125);
#216 = AXIS2_PLACEMENT_3D('',#217,#218,#219);
#217 = CARTESIAN_POINT('',(-27.746875,19.65,20.65));
#218 = DIRECTION('',(-0.,-1.,0.));
#219 = DIRECTION('',(-0.557093425606,0.,0.83044982699));
#220 = ORIENTED_EDGE('',*,*,#221,.T.);
#221 = EDGE_CURVE('',#213,#222,#224,.T.);
#222 = VERTEX_POINT('',#223);
#223 = CARTESIAN_POINT('',(-21.85,19.65,20.1));
#224 = LINE('',#225,#226);
#225 = CARTESIAN_POINT('',(-28.25,19.65,20.1));
#226 = VECTOR('',#227,1.);
#227 = DIRECTION('',(1.,0.,0.));
#228 = ORIENTED_EDGE('',*,*,#229,.F.);
#229 = EDGE_CURVE('',#230,#222,#232,.T.);
#230 = VERTEX_POINT('',#231);
#231 = CARTESIAN_POINT('',(-21.73858131487,19.65,20.066089965398));
#232 = CIRCLE('',#233,0.2);
#233 = AXIS2_PLACEMENT_3D('',#234,#235,#236);
#234 = CARTESIAN_POINT('',(-21.85,19.65,19.9));
#235 = DIRECTION('',(0.,-1.,0.));
#236 = DIRECTION('',(0.83044982699,0.,-0.557093425606));
#237 = ORIENTED_EDGE('',*,*,#238,.T.);
#238 = EDGE_CURVE('',#230,#239,#241,.T.);
#239 = VERTEX_POINT('',#240);
#240 = CARTESIAN_POINT('',(-21.73858131487,19.65,18.233910034602));
#241 = CIRCLE('',#242,1.103125);
#242 = AXIS2_PLACEMENT_3D('',#243,#244,#245);
#243 = CARTESIAN_POINT('',(-22.353125,19.65,19.15));
#244 = DIRECTION('',(-0.,1.,0.));
#245 = DIRECTION('',(0.557093425606,0.,0.83044982699));
#246 = ORIENTED_EDGE('',*,*,#247,.F.);
#247 = EDGE_CURVE('',#248,#239,#250,.T.);
#248 = VERTEX_POINT('',#249);
#249 = CARTESIAN_POINT('',(-21.85,19.65,18.2));
#250 = CIRCLE('',#251,0.2);
#251 = AXIS2_PLACEMENT_3D('',#252,#253,#254);
#252 = CARTESIAN_POINT('',(-21.85,19.65,18.4));
#253 = DIRECTION('',(-0.,-1.,-0.));
#254 = DIRECTION('',(-1.,0.,0.));
#255 = ORIENTED_EDGE('',*,*,#256,.T.);
#256 = EDGE_CURVE('',#248,#257,#259,.T.);
#257 = VERTEX_POINT('',#258);
#258 = CARTESIAN_POINT('',(-28.18492153363,19.65,18.2));
#259 = LINE('',#260,#261);
#260 = CARTESIAN_POINT('',(-21.85,19.65,18.2));
#261 = VECTOR('',#262,1.);
#262 = DIRECTION('',(-1.,0.,0.));
#263 = ORIENTED_EDGE('',*,*,#264,.T.);
#264 = EDGE_CURVE('',#257,#265,#267,.T.);
#265 = VERTEX_POINT('',#266);
#266 = CARTESIAN_POINT('',(-28.18492153363,19.65,17.1));
#267 = CIRCLE('',#268,0.703125);
#268 = AXIS2_PLACEMENT_3D('',#269,#270,#271);
#269 = CARTESIAN_POINT('',(-27.746875,19.65,17.65));
#270 = DIRECTION('',(-0.,-1.,0.));
#271 = DIRECTION('',(-0.557093425606,0.,0.83044982699));
#272 = ORIENTED_EDGE('',*,*,#273,.T.);
#273 = EDGE_CURVE('',#265,#274,#276,.T.);
#274 = VERTEX_POINT('',#275);
#275 = CARTESIAN_POINT('',(-25.05,19.65,17.1));
#276 = LINE('',#277,#278);
#277 = CARTESIAN_POINT('',(-28.25,19.65,17.1));
#278 = VECTOR('',#279,1.);
#279 = DIRECTION('',(1.,0.,0.));
#280 = ORIENTED_EDGE('',*,*,#281,.F.);
#281 = EDGE_CURVE('',#282,#274,#284,.T.);
#282 = VERTEX_POINT('',#283);
#283 = CARTESIAN_POINT('',(-24.85,19.65,16.9));
#284 = CIRCLE('',#285,0.2);
#285 = AXIS2_PLACEMENT_3D('',#286,#287,#288);
#286 = CARTESIAN_POINT('',(-25.05,19.65,16.9));
#287 = DIRECTION('',(0.,-1.,0.));
#288 = DIRECTION('',(0.,0.,-1.));
#289 = ORIENTED_EDGE('',*,*,#290,.T.);
#290 = EDGE_CURVE('',#282,#291,#293,.T.);
#291 = VERTEX_POINT('',#292);
#292 = CARTESIAN_POINT('',(-17.55581552044,19.65,16.9));
#293 = LINE('',#294,#295);
#294 = CARTESIAN_POINT('',(-33.3,19.65,16.9));
#295 = VECTOR('',#296,1.);
#296 = DIRECTION('',(1.,0.,0.));
#297 = ORIENTED_EDGE('',*,*,#298,.F.);
#298 = EDGE_CURVE('',#299,#291,#301,.T.);
#299 = VERTEX_POINT('',#300);
#300 = CARTESIAN_POINT('',(-17.36141868512,19.65,18.566089965398));
#301 = CIRCLE('',#302,1.103125);
#302 = AXIS2_PLACEMENT_3D('',#303,#304,#305);
#303 = CARTESIAN_POINT('',(-16.746875,19.65,17.65));
#304 = DIRECTION('',(-0.,-1.,0.));
#305 = DIRECTION('',(-0.557093425606,0.,0.83044982699));
#306 = ORIENTED_EDGE('',*,*,#307,.F.);
#307 = EDGE_CURVE('',#308,#299,#310,.T.);
#308 = VERTEX_POINT('',#309);
#309 = CARTESIAN_POINT('',(-17.25,19.65,18.6));
#310 = CIRCLE('',#311,0.2);
#311 = AXIS2_PLACEMENT_3D('',#312,#313,#314);
#312 = CARTESIAN_POINT('',(-17.25,19.65,18.4));
#313 = DIRECTION('',(0.,-1.,0.));
#314 = DIRECTION('',(1.,0.,0.));
#315 = ORIENTED_EDGE('',*,*,#316,.F.);
#316 = EDGE_CURVE('',#317,#308,#319,.T.);
#317 = VERTEX_POINT('',#318);
#318 = CARTESIAN_POINT('',(-10.91507846637,19.65,18.6));
#319 = LINE('',#320,#321);
#320 = CARTESIAN_POINT('',(-10.85,19.65,18.6));
#321 = VECTOR('',#322,1.);
#322 = DIRECTION('',(-1.,0.,0.));
#323 = ORIENTED_EDGE('',*,*,#324,.F.);
#324 = EDGE_CURVE('',#325,#317,#327,.T.);
#325 = VERTEX_POINT('',#326);
#326 = CARTESIAN_POINT('',(-10.91507846637,19.65,19.7));
#327 = CIRCLE('',#328,0.703125);
#328 = AXIS2_PLACEMENT_3D('',#329,#330,#331);
#329 = CARTESIAN_POINT('',(-11.353125,19.65,19.15));
#330 = DIRECTION('',(-0.,1.,0.));
#331 = DIRECTION('',(0.557093425606,0.,0.83044982699));
#332 = ORIENTED_EDGE('',*,*,#333,.F.);
#333 = EDGE_CURVE('',#334,#325,#336,.T.);
#334 = VERTEX_POINT('',#335);
#335 = CARTESIAN_POINT('',(-17.25,19.65,19.7));
#336 = LINE('',#337,#338);
#337 = CARTESIAN_POINT('',(-17.25,19.65,19.7));
#338 = VECTOR('',#339,1.);
#339 = DIRECTION('',(1.,0.,0.));
#340 = ORIENTED_EDGE('',*,*,#341,.F.);
#341 = EDGE_CURVE('',#342,#334,#344,.T.);
#342 = VERTEX_POINT('',#343);
#343 = CARTESIAN_POINT('',(-17.36141868512,19.65,19.733910034602));
#344 = CIRCLE('',#345,0.2);
#345 = AXIS2_PLACEMENT_3D('',#346,#347,#348);
#346 = CARTESIAN_POINT('',(-17.25,19.65,19.9));
#347 = DIRECTION('',(-0.,-1.,0.));
#348 = DIRECTION('',(-0.83044982699,0.,0.557093425606));
#349 = ORIENTED_EDGE('',*,*,#350,.F.);
#350 = EDGE_CURVE('',#351,#342,#353,.T.);
#351 = VERTEX_POINT('',#352);
#352 = CARTESIAN_POINT('',(-17.36141868512,19.65,21.566089965398));
#353 = CIRCLE('',#354,1.103125);
#354 = AXIS2_PLACEMENT_3D('',#355,#356,#357);
#355 = CARTESIAN_POINT('',(-16.746875,19.65,20.65));
#356 = DIRECTION('',(-0.,-1.,0.));
#357 = DIRECTION('',(-0.557093425606,0.,0.83044982699));
#358 = ORIENTED_EDGE('',*,*,#359,.F.);
#359 = EDGE_CURVE('',#360,#351,#362,.T.);
#360 = VERTEX_POINT('',#361);
#361 = CARTESIAN_POINT('',(-17.25,19.65,21.6));
#362 = CIRCLE('',#363,0.2);
#363 = AXIS2_PLACEMENT_3D('',#364,#365,#366);
#364 = CARTESIAN_POINT('',(-17.25,19.65,21.4));
#365 = DIRECTION('',(0.,-1.,0.));
#366 = DIRECTION('',(1.,0.,0.));
#367 = ORIENTED_EDGE('',*,*,#368,.F.);
#368 = EDGE_CURVE('',#369,#360,#371,.T.);
#369 = VERTEX_POINT('',#370);
#370 = CARTESIAN_POINT('',(-17.05,19.65,21.6));
#371 = LINE('',#372,#373);
#372 = CARTESIAN_POINT('',(-14.05,19.65,21.6));
#373 = VECTOR('',#374,1.);
#374 = DIRECTION('',(-1.,0.,0.));
#375 = ORIENTED_EDGE('',*,*,#376,.T.);
#376 = EDGE_CURVE('',#369,#377,#379,.T.);
#377 = VERTEX_POINT('',#378);
#378 = CARTESIAN_POINT('',(-17.05,19.65,24.1));
#379 = LINE('',#380,#381);
#380 = CARTESIAN_POINT('',(-17.05,19.65,21.4));
#381 = VECTOR('',#382,1.);
#382 = DIRECTION('',(0.,0.,1.));
#383 = ORIENTED_EDGE('',*,*,#384,.T.);
#384 = EDGE_CURVE('',#377,#385,#387,.T.);
#385 = VERTEX_POINT('',#386);
#386 = CARTESIAN_POINT('',(-14.25,19.65,24.1));
#387 = LINE('',#388,#389);
#388 = CARTESIAN_POINT('',(-17.05,19.65,24.1));
#389 = VECTOR('',#390,1.);
#390 = DIRECTION('',(1.,0.,0.));
#391 = ORIENTED_EDGE('',*,*,#392,.F.);
#392 = EDGE_CURVE('',#393,#385,#395,.T.);
#393 = VERTEX_POINT('',#394);
#394 = CARTESIAN_POINT('',(-14.05,19.65,24.3));
#395 = CIRCLE('',#396,0.2);
#396 = AXIS2_PLACEMENT_3D('',#397,#398,#399);
#397 = CARTESIAN_POINT('',(-14.05,19.65,24.1));
#398 = DIRECTION('',(0.,-1.,0.));
#399 = DIRECTION('',(1.,0.,0.));
#400 = ORIENTED_EDGE('',*,*,#401,.T.);
#401 = EDGE_CURVE('',#393,#402,#404,.T.);
#402 = VERTEX_POINT('',#403);
#403 = CARTESIAN_POINT('',(-10.875,19.65,24.3));
#404 = LINE('',#405,#406);
#405 = CARTESIAN_POINT('',(-14.05,19.65,24.3));
#406 = VECTOR('',#407,1.);
#407 = DIRECTION('',(1.,0.,0.));
#408 = ORIENTED_EDGE('',*,*,#409,.T.);
#409 = EDGE_CURVE('',#402,#410,#412,.T.);
#410 = VERTEX_POINT('',#411);
#411 = CARTESIAN_POINT('',(-10.875,19.65,24.9));
#412 = CIRCLE('',#413,0.3125);
#413 = AXIS2_PLACEMENT_3D('',#414,#415,#416);
#414 = CARTESIAN_POINT('',(-10.9625,19.65,24.6));
#415 = DIRECTION('',(0.,-1.,0.));
#416 = DIRECTION('',(0.219512195122,0.,-0.975609756098));
#417 = ORIENTED_EDGE('',*,*,#418,.T.);
#418 = EDGE_CURVE('',#410,#419,#421,.T.);
#419 = VERTEX_POINT('',#420);
#420 = CARTESIAN_POINT('',(-14.05,19.65,24.9));
#421 = LINE('',#422,#423);
#422 = CARTESIAN_POINT('',(-10.85,19.65,24.9));
#423 = VECTOR('',#424,1.);
#424 = DIRECTION('',(-1.,0.,0.));
#425 = ORIENTED_EDGE('',*,*,#426,.F.);
#426 = EDGE_CURVE('',#427,#419,#429,.T.);
#427 = VERTEX_POINT('',#428);
#428 = CARTESIAN_POINT('',(-14.25,19.65,25.1));
#429 = CIRCLE('',#430,0.2);
#430 = AXIS2_PLACEMENT_3D('',#431,#432,#433);
#431 = CARTESIAN_POINT('',(-14.05,19.65,25.1));
#432 = DIRECTION('',(0.,-1.,0.));
#433 = DIRECTION('',(0.,0.,1.));
#434 = ORIENTED_EDGE('',*,*,#435,.F.);
#435 = EDGE_CURVE('',#154,#427,#436,.T.);
#436 = LINE('',#437,#438);
#437 = CARTESIAN_POINT('',(-33.3,19.65,25.1));
#438 = VECTOR('',#439,1.);
#439 = DIRECTION('',(1.,0.,0.));
#440 = FACE_BOUND('',#441,.F.);
#441 = EDGE_LOOP('',(#442,#453,#462,#470,#478,#486,#495,#503,#512,#520,
    #529,#538,#547,#555,#564,#572,#581,#589,#598,#607,#615,#624,#632,
    #641,#650,#659,#667,#675,#683,#692,#700,#709,#717,#726));
#442 = ORIENTED_EDGE('',*,*,#443,.F.);
#443 = EDGE_CURVE('',#444,#446,#448,.T.);
#444 = VERTEX_POINT('',#445);
#445 = CARTESIAN_POINT('',(-10.80609756097,19.65,23.90487804878));
#446 = VERTEX_POINT('',#447);
#447 = CARTESIAN_POINT('',(-10.45490148739,19.65,25.1));
#448 = CIRCLE('',#449,0.7125);
#449 = AXIS2_PLACEMENT_3D('',#450,#451,#452);
#450 = CARTESIAN_POINT('',(-10.9625,19.65,24.6));
#451 = DIRECTION('',(0.,-1.,0.));
#452 = DIRECTION('',(0.219512195122,0.,-0.975609756098));
#453 = ORIENTED_EDGE('',*,*,#454,.F.);
#454 = EDGE_CURVE('',#455,#444,#457,.T.);
#455 = VERTEX_POINT('',#456);
#456 = CARTESIAN_POINT('',(-10.85,19.65,23.9));
#457 = CIRCLE('',#458,0.2);
#458 = AXIS2_PLACEMENT_3D('',#459,#460,#461);
#459 = CARTESIAN_POINT('',(-10.85,19.65,24.1));
#460 = DIRECTION('',(-0.,-1.,-0.));
#461 = DIRECTION('',(-1.,0.,0.));
#462 = ORIENTED_EDGE('',*,*,#463,.F.);
#463 = EDGE_CURVE('',#464,#455,#466,.T.);
#464 = VERTEX_POINT('',#465);
#465 = CARTESIAN_POINT('',(-11.05,19.65,23.9));
#466 = LINE('',#467,#468);
#467 = CARTESIAN_POINT('',(-14.05,19.65,23.9));
#468 = VECTOR('',#469,1.);
#469 = DIRECTION('',(1.,0.,0.));
#470 = ORIENTED_EDGE('',*,*,#471,.F.);
#471 = EDGE_CURVE('',#472,#464,#474,.T.);
#472 = VERTEX_POINT('',#473);
#473 = CARTESIAN_POINT('',(-11.05,19.65,21.4));
#474 = LINE('',#475,#476);
#475 = CARTESIAN_POINT('',(-11.05,19.65,21.4));
#476 = VECTOR('',#477,1.);
#477 = DIRECTION('',(0.,0.,1.));
#478 = ORIENTED_EDGE('',*,*,#479,.F.);
#479 = EDGE_CURVE('',#480,#472,#482,.T.);
#480 = VERTEX_POINT('',#481);
#481 = CARTESIAN_POINT('',(-13.85,19.65,21.4));
#482 = LINE('',#483,#484);
#483 = CARTESIAN_POINT('',(-17.05,19.65,21.4));
#484 = VECTOR('',#485,1.);
#485 = DIRECTION('',(1.,0.,0.));
#486 = ORIENTED_EDGE('',*,*,#487,.F.);
#487 = EDGE_CURVE('',#488,#480,#490,.T.);
#488 = VERTEX_POINT('',#489);
#489 = CARTESIAN_POINT('',(-14.05,19.65,21.2));
#490 = CIRCLE('',#491,0.2);
#491 = AXIS2_PLACEMENT_3D('',#492,#493,#494);
#492 = CARTESIAN_POINT('',(-14.05,19.65,21.4));
#493 = DIRECTION('',(-0.,-1.,-0.));
#494 = DIRECTION('',(-1.,0.,0.));
#495 = ORIENTED_EDGE('',*,*,#496,.T.);
#496 = EDGE_CURVE('',#488,#497,#499,.T.);
#497 = VERTEX_POINT('',#498);
#498 = CARTESIAN_POINT('',(-17.18492153363,19.65,21.2));
#499 = LINE('',#500,#501);
#500 = CARTESIAN_POINT('',(-14.05,19.65,21.2));
#501 = VECTOR('',#502,1.);
#502 = DIRECTION('',(-1.,0.,0.));
#503 = ORIENTED_EDGE('',*,*,#504,.T.);
#504 = EDGE_CURVE('',#497,#505,#507,.T.);
#505 = VERTEX_POINT('',#506);
#506 = CARTESIAN_POINT('',(-17.18492153363,19.65,20.1));
#507 = CIRCLE('',#508,0.703125);
#508 = AXIS2_PLACEMENT_3D('',#509,#510,#511);
#509 = CARTESIAN_POINT('',(-16.746875,19.65,20.65));
#510 = DIRECTION('',(-0.,-1.,0.));
#511 = DIRECTION('',(-0.557093425606,0.,0.83044982699));
#512 = ORIENTED_EDGE('',*,*,#513,.T.);
#513 = EDGE_CURVE('',#505,#514,#516,.T.);
#514 = VERTEX_POINT('',#515);
#515 = CARTESIAN_POINT('',(-10.85,19.65,20.1));
#516 = LINE('',#517,#518);
#517 = CARTESIAN_POINT('',(-17.25,19.65,20.1));
#518 = VECTOR('',#519,1.);
#519 = DIRECTION('',(1.,0.,0.));
#520 = ORIENTED_EDGE('',*,*,#521,.F.);
#521 = EDGE_CURVE('',#522,#514,#524,.T.);
#522 = VERTEX_POINT('',#523);
#523 = CARTESIAN_POINT('',(-10.73858131487,19.65,20.066089965398));
#524 = CIRCLE('',#525,0.2);
#525 = AXIS2_PLACEMENT_3D('',#526,#527,#528);
#526 = CARTESIAN_POINT('',(-10.85,19.65,19.9));
#527 = DIRECTION('',(0.,-1.,0.));
#528 = DIRECTION('',(0.83044982699,0.,-0.557093425606));
#529 = ORIENTED_EDGE('',*,*,#530,.T.);
#530 = EDGE_CURVE('',#522,#531,#533,.T.);
#531 = VERTEX_POINT('',#532);
#532 = CARTESIAN_POINT('',(-10.73858131487,19.65,18.233910034602));
#533 = CIRCLE('',#534,1.103125);
#534 = AXIS2_PLACEMENT_3D('',#535,#536,#537);
#535 = CARTESIAN_POINT('',(-11.353125,19.65,19.15));
#536 = DIRECTION('',(-0.,1.,0.));
#537 = DIRECTION('',(0.557093425606,0.,0.83044982699));
#538 = ORIENTED_EDGE('',*,*,#539,.F.);
#539 = EDGE_CURVE('',#540,#531,#542,.T.);
#540 = VERTEX_POINT('',#541);
#541 = CARTESIAN_POINT('',(-10.85,19.65,18.2));
#542 = CIRCLE('',#543,0.2);
#543 = AXIS2_PLACEMENT_3D('',#544,#545,#546);
#544 = CARTESIAN_POINT('',(-10.85,19.65,18.4));
#545 = DIRECTION('',(-0.,-1.,-0.));
#546 = DIRECTION('',(-1.,0.,0.));
#547 = ORIENTED_EDGE('',*,*,#548,.T.);
#548 = EDGE_CURVE('',#540,#549,#551,.T.);
#549 = VERTEX_POINT('',#550);
#550 = CARTESIAN_POINT('',(-17.18492153363,19.65,18.2));
#551 = LINE('',#552,#553);
#552 = CARTESIAN_POINT('',(-10.85,19.65,18.2));
#553 = VECTOR('',#554,1.);
#554 = DIRECTION('',(-1.,0.,0.));
#555 = ORIENTED_EDGE('',*,*,#556,.T.);
#556 = EDGE_CURVE('',#549,#557,#559,.T.);
#557 = VERTEX_POINT('',#558);
#558 = CARTESIAN_POINT('',(-17.18492153363,19.65,17.1));
#559 = CIRCLE('',#560,0.703125);
#560 = AXIS2_PLACEMENT_3D('',#561,#562,#563);
#561 = CARTESIAN_POINT('',(-16.746875,19.65,17.65));
#562 = DIRECTION('',(-0.,-1.,0.));
#563 = DIRECTION('',(-0.557093425606,0.,0.83044982699));
#564 = ORIENTED_EDGE('',*,*,#565,.T.);
#565 = EDGE_CURVE('',#557,#566,#568,.T.);
#566 = VERTEX_POINT('',#567);
#567 = CARTESIAN_POINT('',(-14.05,19.65,17.1));
#568 = LINE('',#569,#570);
#569 = CARTESIAN_POINT('',(-17.25,19.65,17.1));
#570 = VECTOR('',#571,1.);
#571 = DIRECTION('',(1.,0.,0.));
#572 = ORIENTED_EDGE('',*,*,#573,.F.);
#573 = EDGE_CURVE('',#574,#566,#576,.T.);
#574 = VERTEX_POINT('',#575);
#575 = CARTESIAN_POINT('',(-13.85,19.65,16.9));
#576 = CIRCLE('',#577,0.2);
#577 = AXIS2_PLACEMENT_3D('',#578,#579,#580);
#578 = CARTESIAN_POINT('',(-14.05,19.65,16.9));
#579 = DIRECTION('',(0.,-1.,0.));
#580 = DIRECTION('',(0.,0.,-1.));
#581 = ORIENTED_EDGE('',*,*,#582,.T.);
#582 = EDGE_CURVE('',#574,#583,#585,.T.);
#583 = VERTEX_POINT('',#584);
#584 = CARTESIAN_POINT('',(-6.555815520449,19.65,16.9));
#585 = LINE('',#586,#587);
#586 = CARTESIAN_POINT('',(-33.3,19.65,16.9));
#587 = VECTOR('',#588,1.);
#588 = DIRECTION('',(1.,0.,0.));
#589 = ORIENTED_EDGE('',*,*,#590,.F.);
#590 = EDGE_CURVE('',#591,#583,#593,.T.);
#591 = VERTEX_POINT('',#592);
#592 = CARTESIAN_POINT('',(-6.361418685121,19.65,18.566089965398));
#593 = CIRCLE('',#594,1.103125);
#594 = AXIS2_PLACEMENT_3D('',#595,#596,#597);
#595 = CARTESIAN_POINT('',(-5.746875,19.65,17.65));
#596 = DIRECTION('',(-0.,-1.,0.));
#597 = DIRECTION('',(-0.557093425606,0.,0.83044982699));
#598 = ORIENTED_EDGE('',*,*,#599,.F.);
#599 = EDGE_CURVE('',#600,#591,#602,.T.);
#600 = VERTEX_POINT('',#601);
#601 = CARTESIAN_POINT('',(-6.25,19.65,18.6));
#602 = CIRCLE('',#603,0.2);
#603 = AXIS2_PLACEMENT_3D('',#604,#605,#606);
#604 = CARTESIAN_POINT('',(-6.25,19.65,18.4));
#605 = DIRECTION('',(0.,-1.,0.));
#606 = DIRECTION('',(1.,0.,0.));
#607 = ORIENTED_EDGE('',*,*,#608,.F.);
#608 = EDGE_CURVE('',#609,#600,#611,.T.);
#609 = VERTEX_POINT('',#610);
#610 = CARTESIAN_POINT('',(8.49215336297E-02,19.65,18.6));
#611 = LINE('',#612,#613);
#612 = CARTESIAN_POINT('',(0.15,19.65,18.6));
#613 = VECTOR('',#614,1.);
#614 = DIRECTION('',(-1.,0.,0.));
#615 = ORIENTED_EDGE('',*,*,#616,.F.);
#616 = EDGE_CURVE('',#617,#609,#619,.T.);
#617 = VERTEX_POINT('',#618);
#618 = CARTESIAN_POINT('',(8.492153362971E-02,19.65,19.7));
#619 = CIRCLE('',#620,0.703125);
#620 = AXIS2_PLACEMENT_3D('',#621,#622,#623);
#621 = CARTESIAN_POINT('',(-0.353125,19.65,19.15));
#622 = DIRECTION('',(-0.,1.,0.));
#623 = DIRECTION('',(0.557093425606,0.,0.83044982699));
#624 = ORIENTED_EDGE('',*,*,#625,.F.);
#625 = EDGE_CURVE('',#626,#617,#628,.T.);
#626 = VERTEX_POINT('',#627);
#627 = CARTESIAN_POINT('',(-6.25,19.65,19.7));
#628 = LINE('',#629,#630);
#629 = CARTESIAN_POINT('',(-6.25,19.65,19.7));
#630 = VECTOR('',#631,1.);
#631 = DIRECTION('',(1.,0.,0.));
#632 = ORIENTED_EDGE('',*,*,#633,.F.);
#633 = EDGE_CURVE('',#634,#626,#636,.T.);
#634 = VERTEX_POINT('',#635);
#635 = CARTESIAN_POINT('',(-6.361418685121,19.65,19.733910034602));
#636 = CIRCLE('',#637,0.2);
#637 = AXIS2_PLACEMENT_3D('',#638,#639,#640);
#638 = CARTESIAN_POINT('',(-6.25,19.65,19.9));
#639 = DIRECTION('',(-0.,-1.,0.));
#640 = DIRECTION('',(-0.83044982699,0.,0.557093425606));
#641 = ORIENTED_EDGE('',*,*,#642,.F.);
#642 = EDGE_CURVE('',#643,#634,#645,.T.);
#643 = VERTEX_POINT('',#644);
#644 = CARTESIAN_POINT('',(-6.361418685121,19.65,21.566089965398));
#645 = CIRCLE('',#646,1.103125);
#646 = AXIS2_PLACEMENT_3D('',#647,#648,#649);
#647 = CARTESIAN_POINT('',(-5.746875,19.65,20.65));
#648 = DIRECTION('',(-0.,-1.,0.));
#649 = DIRECTION('',(-0.557093425606,0.,0.83044982699));
#650 = ORIENTED_EDGE('',*,*,#651,.F.);
#651 = EDGE_CURVE('',#652,#643,#654,.T.);
#652 = VERTEX_POINT('',#653);
#653 = CARTESIAN_POINT('',(-6.25,19.65,21.6));
#654 = CIRCLE('',#655,0.2);
#655 = AXIS2_PLACEMENT_3D('',#656,#657,#658);
#656 = CARTESIAN_POINT('',(-6.25,19.65,21.4));
#657 = DIRECTION('',(0.,-1.,0.));
#658 = DIRECTION('',(1.,0.,0.));
#659 = ORIENTED_EDGE('',*,*,#660,.F.);
#660 = EDGE_CURVE('',#661,#652,#663,.T.);
#661 = VERTEX_POINT('',#662);
#662 = CARTESIAN_POINT('',(-6.05,19.65,21.6));
#663 = LINE('',#664,#665);
#664 = CARTESIAN_POINT('',(-3.05,19.65,21.6));
#665 = VECTOR('',#666,1.);
#666 = DIRECTION('',(-1.,0.,0.));
#667 = ORIENTED_EDGE('',*,*,#668,.T.);
#668 = EDGE_CURVE('',#661,#669,#671,.T.);
#669 = VERTEX_POINT('',#670);
#670 = CARTESIAN_POINT('',(-6.05,19.65,24.1));
#671 = LINE('',#672,#673);
#672 = CARTESIAN_POINT('',(-6.05,19.65,21.4));
#673 = VECTOR('',#674,1.);
#674 = DIRECTION('',(0.,0.,1.));
#675 = ORIENTED_EDGE('',*,*,#676,.T.);
#676 = EDGE_CURVE('',#669,#677,#679,.T.);
#677 = VERTEX_POINT('',#678);
#678 = CARTESIAN_POINT('',(-3.25,19.65,24.1));
#679 = LINE('',#680,#681);
#680 = CARTESIAN_POINT('',(-6.05,19.65,24.1));
#681 = VECTOR('',#682,1.);
#682 = DIRECTION('',(1.,0.,0.));
#683 = ORIENTED_EDGE('',*,*,#684,.F.);
#684 = EDGE_CURVE('',#685,#677,#687,.T.);
#685 = VERTEX_POINT('',#686);
#686 = CARTESIAN_POINT('',(-3.05,19.65,24.3));
#687 = CIRCLE('',#688,0.2);
#688 = AXIS2_PLACEMENT_3D('',#689,#690,#691);
#689 = CARTESIAN_POINT('',(-3.05,19.65,24.1));
#690 = DIRECTION('',(0.,-1.,0.));
#691 = DIRECTION('',(1.,0.,0.));
#692 = ORIENTED_EDGE('',*,*,#693,.T.);
#693 = EDGE_CURVE('',#685,#694,#696,.T.);
#694 = VERTEX_POINT('',#695);
#695 = CARTESIAN_POINT('',(0.125,19.65,24.3));
#696 = LINE('',#697,#698);
#697 = CARTESIAN_POINT('',(-3.05,19.65,24.3));
#698 = VECTOR('',#699,1.);
#699 = DIRECTION('',(1.,0.,0.));
#700 = ORIENTED_EDGE('',*,*,#701,.T.);
#701 = EDGE_CURVE('',#694,#702,#704,.T.);
#702 = VERTEX_POINT('',#703);
#703 = CARTESIAN_POINT('',(0.125,19.65,24.9));
#704 = CIRCLE('',#705,0.3125);
#705 = AXIS2_PLACEMENT_3D('',#706,#707,#708);
#706 = CARTESIAN_POINT('',(3.75E-02,19.65,24.6));
#707 = DIRECTION('',(0.,-1.,0.));
#708 = DIRECTION('',(0.219512195122,0.,-0.975609756098));
#709 = ORIENTED_EDGE('',*,*,#710,.T.);
#710 = EDGE_CURVE('',#702,#711,#713,.T.);
#711 = VERTEX_POINT('',#712);
#712 = CARTESIAN_POINT('',(-3.05,19.65,24.9));
#713 = LINE('',#714,#715);
#714 = CARTESIAN_POINT('',(0.15,19.65,24.9));
#715 = VECTOR('',#716,1.);
#716 = DIRECTION('',(-1.,0.,0.));
#717 = ORIENTED_EDGE('',*,*,#718,.F.);
#718 = EDGE_CURVE('',#719,#711,#721,.T.);
#719 = VERTEX_POINT('',#720);
#720 = CARTESIAN_POINT('',(-3.25,19.65,25.1));
#721 = CIRCLE('',#722,0.2);
#722 = AXIS2_PLACEMENT_3D('',#723,#724,#725);
#723 = CARTESIAN_POINT('',(-3.05,19.65,25.1));
#724 = DIRECTION('',(0.,-1.,0.));
#725 = DIRECTION('',(0.,0.,1.));
#726 = ORIENTED_EDGE('',*,*,#727,.F.);
#727 = EDGE_CURVE('',#446,#719,#728,.T.);
#728 = LINE('',#729,#730);
#729 = CARTESIAN_POINT('',(-33.3,19.65,25.1));
#730 = VECTOR('',#731,1.);
#731 = DIRECTION('',(1.,0.,0.));
#732 = FACE_BOUND('',#733,.F.);
#733 = EDGE_LOOP('',(#734,#745,#754,#762,#770,#778,#787,#795,#804,#812,
    #821,#830,#839,#847,#856,#864,#873,#881,#889));
#734 = ORIENTED_EDGE('',*,*,#735,.F.);
#735 = EDGE_CURVE('',#736,#738,#740,.T.);
#736 = VERTEX_POINT('',#737);
#737 = CARTESIAN_POINT('',(0.193902439024,19.65,23.90487804878));
#738 = VERTEX_POINT('',#739);
#739 = CARTESIAN_POINT('',(0.545098512606,19.65,25.1));
#740 = CIRCLE('',#741,0.7125);
#741 = AXIS2_PLACEMENT_3D('',#742,#743,#744);
#742 = CARTESIAN_POINT('',(3.75E-02,19.65,24.6));
#743 = DIRECTION('',(0.,-1.,0.));
#744 = DIRECTION('',(0.219512195122,0.,-0.975609756098));
#745 = ORIENTED_EDGE('',*,*,#746,.F.);
#746 = EDGE_CURVE('',#747,#736,#749,.T.);
#747 = VERTEX_POINT('',#748);
#748 = CARTESIAN_POINT('',(0.15,19.65,23.9));
#749 = CIRCLE('',#750,0.2);
#750 = AXIS2_PLACEMENT_3D('',#751,#752,#753);
#751 = CARTESIAN_POINT('',(0.15,19.65,24.1));
#752 = DIRECTION('',(-0.,-1.,-0.));
#753 = DIRECTION('',(-1.,0.,0.));
#754 = ORIENTED_EDGE('',*,*,#755,.F.);
#755 = EDGE_CURVE('',#756,#747,#758,.T.);
#756 = VERTEX_POINT('',#757);
#757 = CARTESIAN_POINT('',(-5.E-02,19.65,23.9));
#758 = LINE('',#759,#760);
#759 = CARTESIAN_POINT('',(-3.05,19.65,23.9));
#760 = VECTOR('',#761,1.);
#761 = DIRECTION('',(1.,0.,0.));
#762 = ORIENTED_EDGE('',*,*,#763,.F.);
#763 = EDGE_CURVE('',#764,#756,#766,.T.);
#764 = VERTEX_POINT('',#765);
#765 = CARTESIAN_POINT('',(-5.E-02,19.65,21.4));
#766 = LINE('',#767,#768);
#767 = CARTESIAN_POINT('',(-5.E-02,19.65,21.4));
#768 = VECTOR('',#769,1.);
#769 = DIRECTION('',(0.,0.,1.));
#770 = ORIENTED_EDGE('',*,*,#771,.F.);
#771 = EDGE_CURVE('',#772,#764,#774,.T.);
#772 = VERTEX_POINT('',#773);
#773 = CARTESIAN_POINT('',(-2.85,19.65,21.4));
#774 = LINE('',#775,#776);
#775 = CARTESIAN_POINT('',(-6.05,19.65,21.4));
#776 = VECTOR('',#777,1.);
#777 = DIRECTION('',(1.,0.,0.));
#778 = ORIENTED_EDGE('',*,*,#779,.F.);
#779 = EDGE_CURVE('',#780,#772,#782,.T.);
#780 = VERTEX_POINT('',#781);
#781 = CARTESIAN_POINT('',(-3.05,19.65,21.2));
#782 = CIRCLE('',#783,0.2);
#783 = AXIS2_PLACEMENT_3D('',#784,#785,#786);
#784 = CARTESIAN_POINT('',(-3.05,19.65,21.4));
#785 = DIRECTION('',(-0.,-1.,-0.));
#786 = DIRECTION('',(-1.,0.,0.));
#787 = ORIENTED_EDGE('',*,*,#788,.T.);
#788 = EDGE_CURVE('',#780,#789,#791,.T.);
#789 = VERTEX_POINT('',#790);
#790 = CARTESIAN_POINT('',(-6.18492153363,19.65,21.2));
#791 = LINE('',#792,#793);
#792 = CARTESIAN_POINT('',(-3.05,19.65,21.2));
#793 = VECTOR('',#794,1.);
#794 = DIRECTION('',(-1.,0.,0.));
#795 = ORIENTED_EDGE('',*,*,#796,.T.);
#796 = EDGE_CURVE('',#789,#797,#799,.T.);
#797 = VERTEX_POINT('',#798);
#798 = CARTESIAN_POINT('',(-6.18492153363,19.65,20.1));
#799 = CIRCLE('',#800,0.703125);
#800 = AXIS2_PLACEMENT_3D('',#801,#802,#803);
#801 = CARTESIAN_POINT('',(-5.746875,19.65,20.65));
#802 = DIRECTION('',(-0.,-1.,0.));
#803 = DIRECTION('',(-0.557093425606,0.,0.83044982699));
#804 = ORIENTED_EDGE('',*,*,#805,.T.);
#805 = EDGE_CURVE('',#797,#806,#808,.T.);
#806 = VERTEX_POINT('',#807);
#807 = CARTESIAN_POINT('',(0.15,19.65,20.1));
#808 = LINE('',#809,#810);
#809 = CARTESIAN_POINT('',(-6.25,19.65,20.1));
#810 = VECTOR('',#811,1.);
#811 = DIRECTION('',(1.,0.,0.));
#812 = ORIENTED_EDGE('',*,*,#813,.F.);
#813 = EDGE_CURVE('',#814,#806,#816,.T.);
#814 = VERTEX_POINT('',#815);
#815 = CARTESIAN_POINT('',(0.261418685121,19.65,20.066089965398));
#816 = CIRCLE('',#817,0.2);
#817 = AXIS2_PLACEMENT_3D('',#818,#819,#820);
#818 = CARTESIAN_POINT('',(0.15,19.65,19.9));
#819 = DIRECTION('',(0.,-1.,0.));
#820 = DIRECTION('',(0.83044982699,0.,-0.557093425606));
#821 = ORIENTED_EDGE('',*,*,#822,.T.);
#822 = EDGE_CURVE('',#814,#823,#825,.T.);
#823 = VERTEX_POINT('',#824);
#824 = CARTESIAN_POINT('',(0.261418685121,19.65,18.233910034602));
#825 = CIRCLE('',#826,1.103125);
#826 = AXIS2_PLACEMENT_3D('',#827,#828,#829);
#827 = CARTESIAN_POINT('',(-0.353125,19.65,19.15));
#828 = DIRECTION('',(-0.,1.,0.));
#829 = DIRECTION('',(0.557093425606,0.,0.83044982699));
#830 = ORIENTED_EDGE('',*,*,#831,.F.);
#831 = EDGE_CURVE('',#832,#823,#834,.T.);
#832 = VERTEX_POINT('',#833);
#833 = CARTESIAN_POINT('',(0.15,19.65,18.2));
#834 = CIRCLE('',#835,0.2);
#835 = AXIS2_PLACEMENT_3D('',#836,#837,#838);
#836 = CARTESIAN_POINT('',(0.15,19.65,18.4));
#837 = DIRECTION('',(-0.,-1.,-0.));
#838 = DIRECTION('',(-1.,0.,0.));
#839 = ORIENTED_EDGE('',*,*,#840,.T.);
#840 = EDGE_CURVE('',#832,#841,#843,.T.);
#841 = VERTEX_POINT('',#842);
#842 = CARTESIAN_POINT('',(-6.18492153363,19.65,18.2));
#843 = LINE('',#844,#845);
#844 = CARTESIAN_POINT('',(0.15,19.65,18.2));
#845 = VECTOR('',#846,1.);
#846 = DIRECTION('',(-1.,0.,0.));
#847 = ORIENTED_EDGE('',*,*,#848,.T.);
#848 = EDGE_CURVE('',#841,#849,#851,.T.);
#849 = VERTEX_POINT('',#850);
#850 = CARTESIAN_POINT('',(-6.18492153363,19.65,17.1));
#851 = CIRCLE('',#852,0.703125);
#852 = AXIS2_PLACEMENT_3D('',#853,#854,#855);
#853 = CARTESIAN_POINT('',(-5.746875,19.65,17.65));
#854 = DIRECTION('',(-0.,-1.,0.));
#855 = DIRECTION('',(-0.557093425606,0.,0.83044982699));
#856 = ORIENTED_EDGE('',*,*,#857,.T.);
#857 = EDGE_CURVE('',#849,#858,#860,.T.);
#858 = VERTEX_POINT('',#859);
#859 = CARTESIAN_POINT('',(-3.05,19.65,17.1));
#860 = LINE('',#861,#862);
#861 = CARTESIAN_POINT('',(-6.25,19.65,17.1));
#862 = VECTOR('',#863,1.);
#863 = DIRECTION('',(1.,0.,0.));
#864 = ORIENTED_EDGE('',*,*,#865,.F.);
#865 = EDGE_CURVE('',#866,#858,#868,.T.);
#866 = VERTEX_POINT('',#867);
#867 = CARTESIAN_POINT('',(-2.85,19.65,16.9));
#868 = CIRCLE('',#869,0.2);
#869 = AXIS2_PLACEMENT_3D('',#870,#871,#872);
#870 = CARTESIAN_POINT('',(-3.05,19.65,16.9));
#871 = DIRECTION('',(0.,-1.,0.));
#872 = DIRECTION('',(0.,0.,-1.));
#873 = ORIENTED_EDGE('',*,*,#874,.T.);
#874 = EDGE_CURVE('',#866,#875,#877,.T.);
#875 = VERTEX_POINT('',#876);
#876 = CARTESIAN_POINT('',(3.95,19.65,16.9));
#877 = LINE('',#878,#879);
#878 = CARTESIAN_POINT('',(-33.3,19.65,16.9));
#879 = VECTOR('',#880,1.);
#880 = DIRECTION('',(1.,0.,0.));
#881 = ORIENTED_EDGE('',*,*,#882,.F.);
#882 = EDGE_CURVE('',#883,#875,#885,.T.);
#883 = VERTEX_POINT('',#884);
#884 = CARTESIAN_POINT('',(3.95,19.65,25.1));
#885 = LINE('',#886,#887);
#886 = CARTESIAN_POINT('',(3.95,19.65,16.15));
#887 = VECTOR('',#888,1.);
#888 = DIRECTION('',(0.,0.,-1.));
#889 = ORIENTED_EDGE('',*,*,#890,.F.);
#890 = EDGE_CURVE('',#738,#883,#891,.T.);
#891 = LINE('',#892,#893);
#892 = CARTESIAN_POINT('',(-33.3,19.65,25.1));
#893 = VECTOR('',#894,1.);
#894 = DIRECTION('',(1.,0.,0.));
#895 = FACE_BOUND('',#896,.F.);
#896 = EDGE_LOOP('',(#897,#907,#915,#924,#933,#941,#950,#958,#967,#976,
    #985,#993,#1001,#1009,#1018,#1026,#1035,#1043,#1052));
#897 = ORIENTED_EDGE('',*,*,#898,.T.);
#898 = EDGE_CURVE('',#899,#901,#903,.T.);
#899 = VERTEX_POINT('',#900);
#900 = CARTESIAN_POINT('',(-32.05,19.65,25.1));
#901 = VERTEX_POINT('',#902);
#902 = CARTESIAN_POINT('',(-32.05,19.65,16.9));
#903 = LINE('',#904,#905);
#904 = CARTESIAN_POINT('',(-32.05,19.65,16.15));
#905 = VECTOR('',#906,1.);
#906 = DIRECTION('',(0.,0.,-1.));
#907 = ORIENTED_EDGE('',*,*,#908,.T.);
#908 = EDGE_CURVE('',#901,#909,#911,.T.);
#909 = VERTEX_POINT('',#910);
#910 = CARTESIAN_POINT('',(-28.55581552044,19.65,16.9));
#911 = LINE('',#912,#913);
#912 = CARTESIAN_POINT('',(-33.3,19.65,16.9));
#913 = VECTOR('',#914,1.);
#914 = DIRECTION('',(1.,0.,0.));
#915 = ORIENTED_EDGE('',*,*,#916,.F.);
#916 = EDGE_CURVE('',#917,#909,#919,.T.);
#917 = VERTEX_POINT('',#918);
#918 = CARTESIAN_POINT('',(-28.36141868512,19.65,18.566089965398));
#919 = CIRCLE('',#920,1.103125);
#920 = AXIS2_PLACEMENT_3D('',#921,#922,#923);
#921 = CARTESIAN_POINT('',(-27.746875,19.65,17.65));
#922 = DIRECTION('',(-0.,-1.,0.));
#923 = DIRECTION('',(-0.557093425606,0.,0.83044982699));
#924 = ORIENTED_EDGE('',*,*,#925,.F.);
#925 = EDGE_CURVE('',#926,#917,#928,.T.);
#926 = VERTEX_POINT('',#927);
#927 = CARTESIAN_POINT('',(-28.25,19.65,18.6));
#928 = CIRCLE('',#929,0.2);
#929 = AXIS2_PLACEMENT_3D('',#930,#931,#932);
#930 = CARTESIAN_POINT('',(-28.25,19.65,18.4));
#931 = DIRECTION('',(0.,-1.,0.));
#932 = DIRECTION('',(1.,0.,0.));
#933 = ORIENTED_EDGE('',*,*,#934,.F.);
#934 = EDGE_CURVE('',#935,#926,#937,.T.);
#935 = VERTEX_POINT('',#936);
#936 = CARTESIAN_POINT('',(-21.91507846637,19.65,18.6));
#937 = LINE('',#938,#939);
#938 = CARTESIAN_POINT('',(-21.85,19.65,18.6));
#939 = VECTOR('',#940,1.);
#940 = DIRECTION('',(-1.,0.,0.));
#941 = ORIENTED_EDGE('',*,*,#942,.F.);
#942 = EDGE_CURVE('',#943,#935,#945,.T.);
#943 = VERTEX_POINT('',#944);
#944 = CARTESIAN_POINT('',(-21.91507846637,19.65,19.7));
#945 = CIRCLE('',#946,0.703125);
#946 = AXIS2_PLACEMENT_3D('',#947,#948,#949);
#947 = CARTESIAN_POINT('',(-22.353125,19.65,19.15));
#948 = DIRECTION('',(-0.,1.,0.));
#949 = DIRECTION('',(0.557093425606,0.,0.83044982699));
#950 = ORIENTED_EDGE('',*,*,#951,.F.);
#951 = EDGE_CURVE('',#952,#943,#954,.T.);
#952 = VERTEX_POINT('',#953);
#953 = CARTESIAN_POINT('',(-28.25,19.65,19.7));
#954 = LINE('',#955,#956);
#955 = CARTESIAN_POINT('',(-28.25,19.65,19.7));
#956 = VECTOR('',#957,1.);
#957 = DIRECTION('',(1.,0.,0.));
#958 = ORIENTED_EDGE('',*,*,#959,.F.);
#959 = EDGE_CURVE('',#960,#952,#962,.T.);
#960 = VERTEX_POINT('',#961);
#961 = CARTESIAN_POINT('',(-28.36141868512,19.65,19.733910034602));
#962 = CIRCLE('',#963,0.2);
#963 = AXIS2_PLACEMENT_3D('',#964,#965,#966);
#964 = CARTESIAN_POINT('',(-28.25,19.65,19.9));
#965 = DIRECTION('',(-0.,-1.,0.));
#966 = DIRECTION('',(-0.83044982699,0.,0.557093425606));
#967 = ORIENTED_EDGE('',*,*,#968,.F.);
#968 = EDGE_CURVE('',#969,#960,#971,.T.);
#969 = VERTEX_POINT('',#970);
#970 = CARTESIAN_POINT('',(-28.36141868512,19.65,21.566089965398));
#971 = CIRCLE('',#972,1.103125);
#972 = AXIS2_PLACEMENT_3D('',#973,#974,#975);
#973 = CARTESIAN_POINT('',(-27.746875,19.65,20.65));
#974 = DIRECTION('',(-0.,-1.,0.));
#975 = DIRECTION('',(-0.557093425606,0.,0.83044982699));
#976 = ORIENTED_EDGE('',*,*,#977,.F.);
#977 = EDGE_CURVE('',#978,#969,#980,.T.);
#978 = VERTEX_POINT('',#979);
#979 = CARTESIAN_POINT('',(-28.25,19.65,21.6));
#980 = CIRCLE('',#981,0.2);
#981 = AXIS2_PLACEMENT_3D('',#982,#983,#984);
#982 = CARTESIAN_POINT('',(-28.25,19.65,21.4));
#983 = DIRECTION('',(0.,-1.,0.));
#984 = DIRECTION('',(1.,0.,0.));
#985 = ORIENTED_EDGE('',*,*,#986,.F.);
#986 = EDGE_CURVE('',#987,#978,#989,.T.);
#987 = VERTEX_POINT('',#988);
#988 = CARTESIAN_POINT('',(-28.05,19.65,21.6));
#989 = LINE('',#990,#991);
#990 = CARTESIAN_POINT('',(-25.05,19.65,21.6));
#991 = VECTOR('',#992,1.);
#992 = DIRECTION('',(-1.,0.,0.));
#993 = ORIENTED_EDGE('',*,*,#994,.T.);
#994 = EDGE_CURVE('',#987,#995,#997,.T.);
#995 = VERTEX_POINT('',#996);
#996 = CARTESIAN_POINT('',(-28.05,19.65,24.1));
#997 = LINE('',#998,#999);
#998 = CARTESIAN_POINT('',(-28.05,19.65,21.4));
#999 = VECTOR('',#1000,1.);
#1000 = DIRECTION('',(0.,0.,1.));
#1001 = ORIENTED_EDGE('',*,*,#1002,.T.);
#1002 = EDGE_CURVE('',#995,#1003,#1005,.T.);
#1003 = VERTEX_POINT('',#1004);
#1004 = CARTESIAN_POINT('',(-25.25,19.65,24.1));
#1005 = LINE('',#1006,#1007);
#1006 = CARTESIAN_POINT('',(-28.05,19.65,24.1));
#1007 = VECTOR('',#1008,1.);
#1008 = DIRECTION('',(1.,0.,0.));
#1009 = ORIENTED_EDGE('',*,*,#1010,.F.);
#1010 = EDGE_CURVE('',#1011,#1003,#1013,.T.);
#1011 = VERTEX_POINT('',#1012);
#1012 = CARTESIAN_POINT('',(-25.05,19.65,24.3));
#1013 = CIRCLE('',#1014,0.2);
#1014 = AXIS2_PLACEMENT_3D('',#1015,#1016,#1017);
#1015 = CARTESIAN_POINT('',(-25.05,19.65,24.1));
#1016 = DIRECTION('',(0.,-1.,0.));
#1017 = DIRECTION('',(1.,0.,0.));
#1018 = ORIENTED_EDGE('',*,*,#1019,.T.);
#1019 = EDGE_CURVE('',#1011,#1020,#1022,.T.);
#1020 = VERTEX_POINT('',#1021);
#1021 = CARTESIAN_POINT('',(-21.875,19.65,24.3));
#1022 = LINE('',#1023,#1024);
#1023 = CARTESIAN_POINT('',(-25.05,19.65,24.3));
#1024 = VECTOR('',#1025,1.);
#1025 = DIRECTION('',(1.,0.,0.));
#1026 = ORIENTED_EDGE('',*,*,#1027,.T.);
#1027 = EDGE_CURVE('',#1020,#1028,#1030,.T.);
#1028 = VERTEX_POINT('',#1029);
#1029 = CARTESIAN_POINT('',(-21.875,19.65,24.9));
#1030 = CIRCLE('',#1031,0.3125);
#1031 = AXIS2_PLACEMENT_3D('',#1032,#1033,#1034);
#1032 = CARTESIAN_POINT('',(-21.9625,19.65,24.6));
#1033 = DIRECTION('',(0.,-1.,0.));
#1034 = DIRECTION('',(0.219512195122,0.,-0.975609756098));
#1035 = ORIENTED_EDGE('',*,*,#1036,.T.);
#1036 = EDGE_CURVE('',#1028,#1037,#1039,.T.);
#1037 = VERTEX_POINT('',#1038);
#1038 = CARTESIAN_POINT('',(-25.05,19.65,24.9));
#1039 = LINE('',#1040,#1041);
#1040 = CARTESIAN_POINT('',(-21.85,19.65,24.9));
#1041 = VECTOR('',#1042,1.);
#1042 = DIRECTION('',(-1.,0.,0.));
#1043 = ORIENTED_EDGE('',*,*,#1044,.F.);
#1044 = EDGE_CURVE('',#1045,#1037,#1047,.T.);
#1045 = VERTEX_POINT('',#1046);
#1046 = CARTESIAN_POINT('',(-25.25,19.65,25.1));
#1047 = CIRCLE('',#1048,0.2);
#1048 = AXIS2_PLACEMENT_3D('',#1049,#1050,#1051);
#1049 = CARTESIAN_POINT('',(-25.05,19.65,25.1));
#1050 = DIRECTION('',(0.,-1.,0.));
#1051 = DIRECTION('',(0.,0.,1.));
#1052 = ORIENTED_EDGE('',*,*,#1053,.F.);
#1053 = EDGE_CURVE('',#899,#1045,#1054,.T.);
#1054 = LINE('',#1055,#1056);
#1055 = CARTESIAN_POINT('',(-33.3,19.65,25.1));
#1056 = VECTOR('',#1057,1.);
#1057 = DIRECTION('',(1.,0.,0.));
#1058 = PLANE('',#1059);
#1059 = AXIS2_PLACEMENT_3D('',#1060,#1061,#1062);
#1060 = CARTESIAN_POINT('',(-34.55,19.65,15.4));
#1061 = DIRECTION('',(0.,1.,0.));
#1062 = DIRECTION('',(0.,0.,1.));
#1063 = ADVANCED_FACE('',(#1064),#1105,.F.);
#1064 = FACE_BOUND('',#1065,.F.);
#1065 = EDGE_LOOP('',(#1066,#1076,#1084,#1090,#1091,#1099));
#1066 = ORIENTED_EDGE('',*,*,#1067,.F.);
#1067 = EDGE_CURVE('',#1068,#1070,#1072,.T.);
#1068 = VERTEX_POINT('',#1069);
#1069 = CARTESIAN_POINT('',(-6.05,21.65,21.4));
#1070 = VERTEX_POINT('',#1071);
#1071 = CARTESIAN_POINT('',(-6.05,26.15,21.4));
#1072 = LINE('',#1073,#1074);
#1073 = CARTESIAN_POINT('',(-6.05,19.65,21.4));
#1074 = VECTOR('',#1075,1.);
#1075 = DIRECTION('',(0.,1.,0.));
#1076 = ORIENTED_EDGE('',*,*,#1077,.F.);
#1077 = EDGE_CURVE('',#1078,#1068,#1080,.T.);
#1078 = VERTEX_POINT('',#1079);
#1079 = CARTESIAN_POINT('',(-2.85,21.65,21.4));
#1080 = LINE('',#1081,#1082);
#1081 = CARTESIAN_POINT('',(-4.872742978321,21.65,21.4));
#1082 = VECTOR('',#1083,1.);
#1083 = DIRECTION('',(-1.,0.,0.));
#1084 = ORIENTED_EDGE('',*,*,#1085,.F.);
#1085 = EDGE_CURVE('',#772,#1078,#1086,.T.);
#1086 = LINE('',#1087,#1088);
#1087 = CARTESIAN_POINT('',(-2.85,19.65,21.4));
#1088 = VECTOR('',#1089,1.);
#1089 = DIRECTION('',(0.,1.,0.));
#1090 = ORIENTED_EDGE('',*,*,#771,.T.);
#1091 = ORIENTED_EDGE('',*,*,#1092,.T.);
#1092 = EDGE_CURVE('',#764,#1093,#1095,.T.);
#1093 = VERTEX_POINT('',#1094);
#1094 = CARTESIAN_POINT('',(-5.E-02,26.15,21.4));
#1095 = LINE('',#1096,#1097);
#1096 = CARTESIAN_POINT('',(-5.E-02,19.65,21.4));
#1097 = VECTOR('',#1098,1.);
#1098 = DIRECTION('',(0.,1.,0.));
#1099 = ORIENTED_EDGE('',*,*,#1100,.F.);
#1100 = EDGE_CURVE('',#1070,#1093,#1101,.T.);
#1101 = LINE('',#1102,#1103);
#1102 = CARTESIAN_POINT('',(-6.05,26.15,21.4));
#1103 = VECTOR('',#1104,1.);
#1104 = DIRECTION('',(1.,0.,0.));
#1105 = PLANE('',#1106);
#1106 = AXIS2_PLACEMENT_3D('',#1107,#1108,#1109);
#1107 = CARTESIAN_POINT('',(-6.05,19.65,21.4));
#1108 = DIRECTION('',(0.,0.,1.));
#1109 = DIRECTION('',(1.,0.,0.));
#1110 = ADVANCED_FACE('',(#1111),#1130,.T.);
#1111 = FACE_BOUND('',#1112,.T.);
#1112 = EDGE_LOOP('',(#1113,#1121,#1128,#1129));
#1113 = ORIENTED_EDGE('',*,*,#1114,.T.);
#1114 = EDGE_CURVE('',#780,#1115,#1117,.T.);
#1115 = VERTEX_POINT('',#1116);
#1116 = CARTESIAN_POINT('',(-3.05,21.65,21.2));
#1117 = LINE('',#1118,#1119);
#1118 = CARTESIAN_POINT('',(-3.05,19.65,21.2));
#1119 = VECTOR('',#1120,1.);
#1120 = DIRECTION('',(0.,1.,0.));
#1121 = ORIENTED_EDGE('',*,*,#1122,.T.);
#1122 = EDGE_CURVE('',#1115,#1078,#1123,.T.);
#1123 = CIRCLE('',#1124,0.2);
#1124 = AXIS2_PLACEMENT_3D('',#1125,#1126,#1127);
#1125 = CARTESIAN_POINT('',(-3.05,21.65,21.4));
#1126 = DIRECTION('',(-0.,-1.,-0.));
#1127 = DIRECTION('',(-1.,0.,0.));
#1128 = ORIENTED_EDGE('',*,*,#1085,.F.);
#1129 = ORIENTED_EDGE('',*,*,#779,.F.);
#1130 = CYLINDRICAL_SURFACE('',#1131,0.2);
#1131 = AXIS2_PLACEMENT_3D('',#1132,#1133,#1134);
#1132 = CARTESIAN_POINT('',(-3.05,19.65,21.4));
#1133 = DIRECTION('',(0.,-1.,0.));
#1134 = DIRECTION('',(-1.,0.,0.));
#1135 = ADVANCED_FACE('',(#1136),#1154,.F.);
#1136 = FACE_BOUND('',#1137,.F.);
#1137 = EDGE_LOOP('',(#1138,#1139,#1147,#1153));
#1138 = ORIENTED_EDGE('',*,*,#1114,.T.);
#1139 = ORIENTED_EDGE('',*,*,#1140,.T.);
#1140 = EDGE_CURVE('',#1115,#1141,#1143,.T.);
#1141 = VERTEX_POINT('',#1142);
#1142 = CARTESIAN_POINT('',(-6.18492153363,21.65,21.2));
#1143 = LINE('',#1144,#1145);
#1144 = CARTESIAN_POINT('',(-3.05,21.65,21.2));
#1145 = VECTOR('',#1146,1.);
#1146 = DIRECTION('',(-1.,0.,0.));
#1147 = ORIENTED_EDGE('',*,*,#1148,.F.);
#1148 = EDGE_CURVE('',#789,#1141,#1149,.T.);
#1149 = LINE('',#1150,#1151);
#1150 = CARTESIAN_POINT('',(-6.18492153363,19.65,21.2));
#1151 = VECTOR('',#1152,1.);
#1152 = DIRECTION('',(0.,1.,0.));
#1153 = ORIENTED_EDGE('',*,*,#788,.F.);
#1154 = PLANE('',#1155);
#1155 = AXIS2_PLACEMENT_3D('',#1156,#1157,#1158);
#1156 = CARTESIAN_POINT('',(-3.05,19.65,21.2));
#1157 = DIRECTION('',(0.,0.,1.));
#1158 = DIRECTION('',(-1.,0.,0.));
#1159 = ADVANCED_FACE('',(#1160),#1179,.F.);
#1160 = FACE_BOUND('',#1161,.F.);
#1161 = EDGE_LOOP('',(#1162,#1163,#1172,#1178));
#1162 = ORIENTED_EDGE('',*,*,#1148,.T.);
#1163 = ORIENTED_EDGE('',*,*,#1164,.T.);
#1164 = EDGE_CURVE('',#1141,#1165,#1167,.T.);
#1165 = VERTEX_POINT('',#1166);
#1166 = CARTESIAN_POINT('',(-6.18492153363,21.65,20.1));
#1167 = CIRCLE('',#1168,0.703125);
#1168 = AXIS2_PLACEMENT_3D('',#1169,#1170,#1171);
#1169 = CARTESIAN_POINT('',(-5.746875,21.65,20.65));
#1170 = DIRECTION('',(-0.,-1.,0.));
#1171 = DIRECTION('',(-0.557093425606,0.,0.83044982699));
#1172 = ORIENTED_EDGE('',*,*,#1173,.F.);
#1173 = EDGE_CURVE('',#797,#1165,#1174,.T.);
#1174 = LINE('',#1175,#1176);
#1175 = CARTESIAN_POINT('',(-6.18492153363,19.65,20.1));
#1176 = VECTOR('',#1177,1.);
#1177 = DIRECTION('',(0.,1.,0.));
#1178 = ORIENTED_EDGE('',*,*,#796,.F.);
#1179 = CYLINDRICAL_SURFACE('',#1180,0.703125);
#1180 = AXIS2_PLACEMENT_3D('',#1181,#1182,#1183);
#1181 = CARTESIAN_POINT('',(-5.746875,19.65,20.65));
#1182 = DIRECTION('',(0.,-1.,0.));
#1183 = DIRECTION('',(-0.557093425606,0.,0.83044982699));
#1184 = ADVANCED_FACE('',(#1185),#1203,.F.);
#1185 = FACE_BOUND('',#1186,.F.);
#1186 = EDGE_LOOP('',(#1187,#1188,#1196,#1202));
#1187 = ORIENTED_EDGE('',*,*,#1173,.T.);
#1188 = ORIENTED_EDGE('',*,*,#1189,.T.);
#1189 = EDGE_CURVE('',#1165,#1190,#1192,.T.);
#1190 = VERTEX_POINT('',#1191);
#1191 = CARTESIAN_POINT('',(0.15,21.65,20.1));
#1192 = LINE('',#1193,#1194);
#1193 = CARTESIAN_POINT('',(-6.25,21.65,20.1));
#1194 = VECTOR('',#1195,1.);
#1195 = DIRECTION('',(1.,0.,0.));
#1196 = ORIENTED_EDGE('',*,*,#1197,.F.);
#1197 = EDGE_CURVE('',#806,#1190,#1198,.T.);
#1198 = LINE('',#1199,#1200);
#1199 = CARTESIAN_POINT('',(0.15,19.65,20.1));
#1200 = VECTOR('',#1201,1.);
#1201 = DIRECTION('',(0.,1.,0.));
#1202 = ORIENTED_EDGE('',*,*,#805,.F.);
#1203 = PLANE('',#1204);
#1204 = AXIS2_PLACEMENT_3D('',#1205,#1206,#1207);
#1205 = CARTESIAN_POINT('',(-6.18492153363,19.65,20.1));
#1206 = DIRECTION('',(0.,0.,-1.));
#1207 = DIRECTION('',(1.,0.,0.));
#1208 = ADVANCED_FACE('',(#1209),#1228,.T.);
#1209 = FACE_BOUND('',#1210,.T.);
#1210 = EDGE_LOOP('',(#1211,#1219,#1226,#1227));
#1211 = ORIENTED_EDGE('',*,*,#1212,.T.);
#1212 = EDGE_CURVE('',#814,#1213,#1215,.T.);
#1213 = VERTEX_POINT('',#1214);
#1214 = CARTESIAN_POINT('',(0.261418685121,21.65,20.066089965398));
#1215 = LINE('',#1216,#1217);
#1216 = CARTESIAN_POINT('',(0.261418685121,19.65,20.066089965398));
#1217 = VECTOR('',#1218,1.);
#1218 = DIRECTION('',(0.,1.,0.));
#1219 = ORIENTED_EDGE('',*,*,#1220,.T.);
#1220 = EDGE_CURVE('',#1213,#1190,#1221,.T.);
#1221 = CIRCLE('',#1222,0.2);
#1222 = AXIS2_PLACEMENT_3D('',#1223,#1224,#1225);
#1223 = CARTESIAN_POINT('',(0.15,21.65,19.9));
#1224 = DIRECTION('',(0.,-1.,0.));
#1225 = DIRECTION('',(0.83044982699,0.,-0.557093425606));
#1226 = ORIENTED_EDGE('',*,*,#1197,.F.);
#1227 = ORIENTED_EDGE('',*,*,#813,.F.);
#1228 = CYLINDRICAL_SURFACE('',#1229,0.2);
#1229 = AXIS2_PLACEMENT_3D('',#1230,#1231,#1232);
#1230 = CARTESIAN_POINT('',(0.15,19.65,19.9));
#1231 = DIRECTION('',(0.,-1.,0.));
#1232 = DIRECTION('',(0.83044982699,0.,-0.557093425606));
#1233 = ADVANCED_FACE('',(#1234),#1253,.T.);
#1234 = FACE_BOUND('',#1235,.F.);
#1235 = EDGE_LOOP('',(#1236,#1237,#1246,#1252));
#1236 = ORIENTED_EDGE('',*,*,#1212,.T.);
#1237 = ORIENTED_EDGE('',*,*,#1238,.T.);
#1238 = EDGE_CURVE('',#1213,#1239,#1241,.T.);
#1239 = VERTEX_POINT('',#1240);
#1240 = CARTESIAN_POINT('',(0.261418685121,21.65,18.233910034602));
#1241 = CIRCLE('',#1242,1.103125);
#1242 = AXIS2_PLACEMENT_3D('',#1243,#1244,#1245);
#1243 = CARTESIAN_POINT('',(-0.353125,21.65,19.15));
#1244 = DIRECTION('',(-0.,1.,0.));
#1245 = DIRECTION('',(0.557093425606,0.,0.83044982699));
#1246 = ORIENTED_EDGE('',*,*,#1247,.F.);
#1247 = EDGE_CURVE('',#823,#1239,#1248,.T.);
#1248 = LINE('',#1249,#1250);
#1249 = CARTESIAN_POINT('',(0.261418685121,19.65,18.233910034602));
#1250 = VECTOR('',#1251,1.);
#1251 = DIRECTION('',(0.,1.,0.));
#1252 = ORIENTED_EDGE('',*,*,#822,.F.);
#1253 = CYLINDRICAL_SURFACE('',#1254,1.103125);
#1254 = AXIS2_PLACEMENT_3D('',#1255,#1256,#1257);
#1255 = CARTESIAN_POINT('',(-0.353125,19.65,19.15));
#1256 = DIRECTION('',(0.,-1.,0.));
#1257 = DIRECTION('',(0.557093425606,0.,0.83044982699));
#1258 = ADVANCED_FACE('',(#1259),#1278,.T.);
#1259 = FACE_BOUND('',#1260,.T.);
#1260 = EDGE_LOOP('',(#1261,#1269,#1276,#1277));
#1261 = ORIENTED_EDGE('',*,*,#1262,.T.);
#1262 = EDGE_CURVE('',#832,#1263,#1265,.T.);
#1263 = VERTEX_POINT('',#1264);
#1264 = CARTESIAN_POINT('',(0.15,21.65,18.2));
#1265 = LINE('',#1266,#1267);
#1266 = CARTESIAN_POINT('',(0.15,19.65,18.2));
#1267 = VECTOR('',#1268,1.);
#1268 = DIRECTION('',(0.,1.,0.));
#1269 = ORIENTED_EDGE('',*,*,#1270,.T.);
#1270 = EDGE_CURVE('',#1263,#1239,#1271,.T.);
#1271 = CIRCLE('',#1272,0.2);
#1272 = AXIS2_PLACEMENT_3D('',#1273,#1274,#1275);
#1273 = CARTESIAN_POINT('',(0.15,21.65,18.4));
#1274 = DIRECTION('',(-0.,-1.,-0.));
#1275 = DIRECTION('',(-1.,0.,0.));
#1276 = ORIENTED_EDGE('',*,*,#1247,.F.);
#1277 = ORIENTED_EDGE('',*,*,#831,.F.);
#1278 = CYLINDRICAL_SURFACE('',#1279,0.2);
#1279 = AXIS2_PLACEMENT_3D('',#1280,#1281,#1282);
#1280 = CARTESIAN_POINT('',(0.15,19.65,18.4));
#1281 = DIRECTION('',(0.,-1.,0.));
#1282 = DIRECTION('',(-1.,0.,0.));
#1283 = ADVANCED_FACE('',(#1284),#1302,.F.);
#1284 = FACE_BOUND('',#1285,.F.);
#1285 = EDGE_LOOP('',(#1286,#1287,#1295,#1301));
#1286 = ORIENTED_EDGE('',*,*,#1262,.T.);
#1287 = ORIENTED_EDGE('',*,*,#1288,.T.);
#1288 = EDGE_CURVE('',#1263,#1289,#1291,.T.);
#1289 = VERTEX_POINT('',#1290);
#1290 = CARTESIAN_POINT('',(-6.18492153363,21.65,18.2));
#1291 = LINE('',#1292,#1293);
#1292 = CARTESIAN_POINT('',(0.15,21.65,18.2));
#1293 = VECTOR('',#1294,1.);
#1294 = DIRECTION('',(-1.,0.,0.));
#1295 = ORIENTED_EDGE('',*,*,#1296,.F.);
#1296 = EDGE_CURVE('',#841,#1289,#1297,.T.);
#1297 = LINE('',#1298,#1299);
#1298 = CARTESIAN_POINT('',(-6.18492153363,19.65,18.2));
#1299 = VECTOR('',#1300,1.);
#1300 = DIRECTION('',(0.,1.,0.));
#1301 = ORIENTED_EDGE('',*,*,#840,.F.);
#1302 = PLANE('',#1303);
#1303 = AXIS2_PLACEMENT_3D('',#1304,#1305,#1306);
#1304 = CARTESIAN_POINT('',(0.15,19.65,18.2));
#1305 = DIRECTION('',(0.,0.,1.));
#1306 = DIRECTION('',(-1.,0.,0.));
#1307 = ADVANCED_FACE('',(#1308),#1327,.F.);
#1308 = FACE_BOUND('',#1309,.F.);
#1309 = EDGE_LOOP('',(#1310,#1311,#1320,#1326));
#1310 = ORIENTED_EDGE('',*,*,#1296,.T.);
#1311 = ORIENTED_EDGE('',*,*,#1312,.T.);
#1312 = EDGE_CURVE('',#1289,#1313,#1315,.T.);
#1313 = VERTEX_POINT('',#1314);
#1314 = CARTESIAN_POINT('',(-6.18492153363,21.65,17.1));
#1315 = CIRCLE('',#1316,0.703125);
#1316 = AXIS2_PLACEMENT_3D('',#1317,#1318,#1319);
#1317 = CARTESIAN_POINT('',(-5.746875,21.65,17.65));
#1318 = DIRECTION('',(-0.,-1.,0.));
#1319 = DIRECTION('',(-0.557093425606,0.,0.83044982699));
#1320 = ORIENTED_EDGE('',*,*,#1321,.F.);
#1321 = EDGE_CURVE('',#849,#1313,#1322,.T.);
#1322 = LINE('',#1323,#1324);
#1323 = CARTESIAN_POINT('',(-6.18492153363,19.65,17.1));
#1324 = VECTOR('',#1325,1.);
#1325 = DIRECTION('',(0.,1.,0.));
#1326 = ORIENTED_EDGE('',*,*,#848,.F.);
#1327 = CYLINDRICAL_SURFACE('',#1328,0.703125);
#1328 = AXIS2_PLACEMENT_3D('',#1329,#1330,#1331);
#1329 = CARTESIAN_POINT('',(-5.746875,19.65,17.65));
#1330 = DIRECTION('',(0.,-1.,0.));
#1331 = DIRECTION('',(-0.557093425606,0.,0.83044982699));
#1332 = ADVANCED_FACE('',(#1333),#1351,.F.);
#1333 = FACE_BOUND('',#1334,.F.);
#1334 = EDGE_LOOP('',(#1335,#1336,#1344,#1350));
#1335 = ORIENTED_EDGE('',*,*,#1321,.T.);
#1336 = ORIENTED_EDGE('',*,*,#1337,.T.);
#1337 = EDGE_CURVE('',#1313,#1338,#1340,.T.);
#1338 = VERTEX_POINT('',#1339);
#1339 = CARTESIAN_POINT('',(-3.05,21.65,17.1));
#1340 = LINE('',#1341,#1342);
#1341 = CARTESIAN_POINT('',(-6.25,21.65,17.1));
#1342 = VECTOR('',#1343,1.);
#1343 = DIRECTION('',(1.,0.,0.));
#1344 = ORIENTED_EDGE('',*,*,#1345,.F.);
#1345 = EDGE_CURVE('',#858,#1338,#1346,.T.);
#1346 = LINE('',#1347,#1348);
#1347 = CARTESIAN_POINT('',(-3.05,19.65,17.1));
#1348 = VECTOR('',#1349,1.);
#1349 = DIRECTION('',(0.,1.,0.));
#1350 = ORIENTED_EDGE('',*,*,#857,.F.);
#1351 = PLANE('',#1352);
#1352 = AXIS2_PLACEMENT_3D('',#1353,#1354,#1355);
#1353 = CARTESIAN_POINT('',(-6.18492153363,19.65,17.1));
#1354 = DIRECTION('',(0.,0.,-1.));
#1355 = DIRECTION('',(1.,0.,0.));
#1356 = ADVANCED_FACE('',(#1357),#1382,.F.);
#1357 = FACE_BOUND('',#1358,.F.);
#1358 = EDGE_LOOP('',(#1359,#1369,#1375,#1376));
#1359 = ORIENTED_EDGE('',*,*,#1360,.F.);
#1360 = EDGE_CURVE('',#1361,#1363,#1365,.T.);
#1361 = VERTEX_POINT('',#1362);
#1362 = CARTESIAN_POINT('',(0.545098512606,21.65,25.1));
#1363 = VERTEX_POINT('',#1364);
#1364 = CARTESIAN_POINT('',(3.95,21.65,25.1));
#1365 = LINE('',#1366,#1367);
#1366 = CARTESIAN_POINT('',(-33.3,21.65,25.1));
#1367 = VECTOR('',#1368,1.);
#1368 = DIRECTION('',(1.,0.,0.));
#1369 = ORIENTED_EDGE('',*,*,#1370,.T.);
#1370 = EDGE_CURVE('',#1361,#738,#1371,.T.);
#1371 = LINE('',#1372,#1373);
#1372 = CARTESIAN_POINT('',(0.545098512606,19.65,25.1));
#1373 = VECTOR('',#1374,1.);
#1374 = DIRECTION('',(0.,-1.,0.));
#1375 = ORIENTED_EDGE('',*,*,#890,.T.);
#1376 = ORIENTED_EDGE('',*,*,#1377,.T.);
#1377 = EDGE_CURVE('',#883,#1363,#1378,.T.);
#1378 = LINE('',#1379,#1380);
#1379 = CARTESIAN_POINT('',(3.95,18.65,25.1));
#1380 = VECTOR('',#1381,1.);
#1381 = DIRECTION('',(0.,1.,0.));
#1382 = PLANE('',#1383);
#1383 = AXIS2_PLACEMENT_3D('',#1384,#1385,#1386);
#1384 = CARTESIAN_POINT('',(-32.05,18.65,25.1));
#1385 = DIRECTION('',(0.,0.,1.));
#1386 = DIRECTION('',(1.,0.,0.));
#1387 = ADVANCED_FACE('',(#1388),#1406,.F.);
#1388 = FACE_BOUND('',#1389,.F.);
#1389 = EDGE_LOOP('',(#1390,#1391,#1392,#1400));
#1390 = ORIENTED_EDGE('',*,*,#1377,.F.);
#1391 = ORIENTED_EDGE('',*,*,#882,.T.);
#1392 = ORIENTED_EDGE('',*,*,#1393,.T.);
#1393 = EDGE_CURVE('',#875,#1394,#1396,.T.);
#1394 = VERTEX_POINT('',#1395);
#1395 = CARTESIAN_POINT('',(3.95,21.65,16.9));
#1396 = LINE('',#1397,#1398);
#1397 = CARTESIAN_POINT('',(3.95,18.65,16.9));
#1398 = VECTOR('',#1399,1.);
#1399 = DIRECTION('',(0.,1.,0.));
#1400 = ORIENTED_EDGE('',*,*,#1401,.F.);
#1401 = EDGE_CURVE('',#1363,#1394,#1402,.T.);
#1402 = LINE('',#1403,#1404);
#1403 = CARTESIAN_POINT('',(3.95,21.65,16.15));
#1404 = VECTOR('',#1405,1.);
#1405 = DIRECTION('',(0.,0.,-1.));
#1406 = PLANE('',#1407);
#1407 = AXIS2_PLACEMENT_3D('',#1408,#1409,#1410);
#1408 = CARTESIAN_POINT('',(3.95,18.65,16.9));
#1409 = DIRECTION('',(1.,0.,0.));
#1410 = DIRECTION('',(0.,0.,1.));
#1411 = ADVANCED_FACE('',(#1412),#1430,.T.);
#1412 = FACE_BOUND('',#1413,.T.);
#1413 = EDGE_LOOP('',(#1414,#1422,#1423,#1424));
#1414 = ORIENTED_EDGE('',*,*,#1415,.F.);
#1415 = EDGE_CURVE('',#866,#1416,#1418,.T.);
#1416 = VERTEX_POINT('',#1417);
#1417 = CARTESIAN_POINT('',(-2.85,21.65,16.9));
#1418 = LINE('',#1419,#1420);
#1419 = CARTESIAN_POINT('',(-2.85,19.65,16.9));
#1420 = VECTOR('',#1421,1.);
#1421 = DIRECTION('',(0.,1.,0.));
#1422 = ORIENTED_EDGE('',*,*,#874,.T.);
#1423 = ORIENTED_EDGE('',*,*,#1393,.T.);
#1424 = ORIENTED_EDGE('',*,*,#1425,.F.);
#1425 = EDGE_CURVE('',#1416,#1394,#1426,.T.);
#1426 = LINE('',#1427,#1428);
#1427 = CARTESIAN_POINT('',(-33.3,21.65,16.9));
#1428 = VECTOR('',#1429,1.);
#1429 = DIRECTION('',(1.,0.,0.));
#1430 = PLANE('',#1431);
#1431 = AXIS2_PLACEMENT_3D('',#1432,#1433,#1434);
#1432 = CARTESIAN_POINT('',(-32.05,18.65,16.9));
#1433 = DIRECTION('',(0.,0.,1.));
#1434 = DIRECTION('',(1.,0.,0.));
#1435 = ADVANCED_FACE('',(#1436),#1455,.T.);
#1436 = FACE_BOUND('',#1437,.T.);
#1437 = EDGE_LOOP('',(#1438,#1439,#1447,#1454));
#1438 = ORIENTED_EDGE('',*,*,#735,.F.);
#1439 = ORIENTED_EDGE('',*,*,#1440,.T.);
#1440 = EDGE_CURVE('',#736,#1441,#1443,.T.);
#1441 = VERTEX_POINT('',#1442);
#1442 = CARTESIAN_POINT('',(0.193902439024,21.65,23.90487804878));
#1443 = LINE('',#1444,#1445);
#1444 = CARTESIAN_POINT('',(0.193902439024,19.65,23.90487804878));
#1445 = VECTOR('',#1446,1.);
#1446 = DIRECTION('',(0.,1.,0.));
#1447 = ORIENTED_EDGE('',*,*,#1448,.T.);
#1448 = EDGE_CURVE('',#1441,#1361,#1449,.T.);
#1449 = CIRCLE('',#1450,0.7125);
#1450 = AXIS2_PLACEMENT_3D('',#1451,#1452,#1453);
#1451 = CARTESIAN_POINT('',(3.75E-02,21.65,24.6));
#1452 = DIRECTION('',(0.,-1.,0.));
#1453 = DIRECTION('',(0.219512195122,0.,-0.975609756098));
#1454 = ORIENTED_EDGE('',*,*,#1370,.T.);
#1455 = CYLINDRICAL_SURFACE('',#1456,0.7125);
#1456 = AXIS2_PLACEMENT_3D('',#1457,#1458,#1459);
#1457 = CARTESIAN_POINT('',(3.75E-02,19.65,24.6));
#1458 = DIRECTION('',(0.,-1.,0.));
#1459 = DIRECTION('',(0.219512195122,0.,-0.975609756098));
#1460 = ADVANCED_FACE('',(#1461),#1473,.T.);
#1461 = FACE_BOUND('',#1462,.T.);
#1462 = EDGE_LOOP('',(#1463,#1464,#1471,#1472));
#1463 = ORIENTED_EDGE('',*,*,#1415,.T.);
#1464 = ORIENTED_EDGE('',*,*,#1465,.T.);
#1465 = EDGE_CURVE('',#1416,#1338,#1466,.T.);
#1466 = CIRCLE('',#1467,0.2);
#1467 = AXIS2_PLACEMENT_3D('',#1468,#1469,#1470);
#1468 = CARTESIAN_POINT('',(-3.05,21.65,16.9));
#1469 = DIRECTION('',(0.,-1.,0.));
#1470 = DIRECTION('',(0.,0.,-1.));
#1471 = ORIENTED_EDGE('',*,*,#1345,.F.);
#1472 = ORIENTED_EDGE('',*,*,#865,.F.);
#1473 = CYLINDRICAL_SURFACE('',#1474,0.2);
#1474 = AXIS2_PLACEMENT_3D('',#1475,#1476,#1477);
#1475 = CARTESIAN_POINT('',(-3.05,19.65,16.9));
#1476 = DIRECTION('',(0.,-1.,0.));
#1477 = DIRECTION('',(0.,0.,-1.));
#1478 = ADVANCED_FACE('',(#1479),#1511,.F.);
#1479 = FACE_BOUND('',#1480,.F.);
#1480 = EDGE_LOOP('',(#1481,#1482,#1490,#1496,#1497,#1505));
#1481 = ORIENTED_EDGE('',*,*,#668,.F.);
#1482 = ORIENTED_EDGE('',*,*,#1483,.F.);
#1483 = EDGE_CURVE('',#1484,#661,#1486,.T.);
#1484 = VERTEX_POINT('',#1485);
#1485 = CARTESIAN_POINT('',(-6.05,21.65,21.6));
#1486 = LINE('',#1487,#1488);
#1487 = CARTESIAN_POINT('',(-6.05,19.65,21.6));
#1488 = VECTOR('',#1489,1.);
#1489 = DIRECTION('',(0.,-1.,0.));
#1490 = ORIENTED_EDGE('',*,*,#1491,.F.);
#1491 = EDGE_CURVE('',#1068,#1484,#1492,.T.);
#1492 = LINE('',#1493,#1494);
#1493 = CARTESIAN_POINT('',(-6.05,21.65,20.275));
#1494 = VECTOR('',#1495,1.);
#1495 = DIRECTION('',(0.,0.,1.));
#1496 = ORIENTED_EDGE('',*,*,#1067,.T.);
#1497 = ORIENTED_EDGE('',*,*,#1498,.T.);
#1498 = EDGE_CURVE('',#1070,#1499,#1501,.T.);
#1499 = VERTEX_POINT('',#1500);
#1500 = CARTESIAN_POINT('',(-6.05,26.15,24.1));
#1501 = LINE('',#1502,#1503);
#1502 = CARTESIAN_POINT('',(-6.05,26.15,21.4));
#1503 = VECTOR('',#1504,1.);
#1504 = DIRECTION('',(0.,0.,1.));
#1505 = ORIENTED_EDGE('',*,*,#1506,.F.);
#1506 = EDGE_CURVE('',#669,#1499,#1507,.T.);
#1507 = LINE('',#1508,#1509);
#1508 = CARTESIAN_POINT('',(-6.05,19.65,24.1));
#1509 = VECTOR('',#1510,1.);
#1510 = DIRECTION('',(0.,1.,0.));
#1511 = PLANE('',#1512);
#1512 = AXIS2_PLACEMENT_3D('',#1513,#1514,#1515);
#1513 = CARTESIAN_POINT('',(-6.05,19.65,21.4));
#1514 = DIRECTION('',(1.,0.,0.));
#1515 = DIRECTION('',(0.,0.,1.));
#1516 = ADVANCED_FACE('',(#1517),#1542,.F.);
#1517 = FACE_BOUND('',#1518,.F.);
#1518 = EDGE_LOOP('',(#1519,#1529,#1535,#1536));
#1519 = ORIENTED_EDGE('',*,*,#1520,.F.);
#1520 = EDGE_CURVE('',#1521,#1523,#1525,.T.);
#1521 = VERTEX_POINT('',#1522);
#1522 = CARTESIAN_POINT('',(-10.45490148739,21.65,25.1));
#1523 = VERTEX_POINT('',#1524);
#1524 = CARTESIAN_POINT('',(-3.25,21.65,25.1));
#1525 = LINE('',#1526,#1527);
#1526 = CARTESIAN_POINT('',(-33.3,21.65,25.1));
#1527 = VECTOR('',#1528,1.);
#1528 = DIRECTION('',(1.,0.,0.));
#1529 = ORIENTED_EDGE('',*,*,#1530,.T.);
#1530 = EDGE_CURVE('',#1521,#446,#1531,.T.);
#1531 = LINE('',#1532,#1533);
#1532 = CARTESIAN_POINT('',(-10.45490148739,19.65,25.1));
#1533 = VECTOR('',#1534,1.);
#1534 = DIRECTION('',(0.,-1.,0.));
#1535 = ORIENTED_EDGE('',*,*,#727,.T.);
#1536 = ORIENTED_EDGE('',*,*,#1537,.T.);
#1537 = EDGE_CURVE('',#719,#1523,#1538,.T.);
#1538 = LINE('',#1539,#1540);
#1539 = CARTESIAN_POINT('',(-3.25,19.65,25.1));
#1540 = VECTOR('',#1541,1.);
#1541 = DIRECTION('',(0.,1.,0.));
#1542 = PLANE('',#1543);
#1543 = AXIS2_PLACEMENT_3D('',#1544,#1545,#1546);
#1544 = CARTESIAN_POINT('',(-32.05,18.65,25.1));
#1545 = DIRECTION('',(0.,0.,1.));
#1546 = DIRECTION('',(1.,0.,0.));
#1547 = ADVANCED_FACE('',(#1548),#1567,.T.);
#1548 = FACE_BOUND('',#1549,.T.);
#1549 = EDGE_LOOP('',(#1550,#1551,#1560,#1566));
#1550 = ORIENTED_EDGE('',*,*,#1537,.T.);
#1551 = ORIENTED_EDGE('',*,*,#1552,.T.);
#1552 = EDGE_CURVE('',#1523,#1553,#1555,.T.);
#1553 = VERTEX_POINT('',#1554);
#1554 = CARTESIAN_POINT('',(-3.05,21.65,24.9));
#1555 = CIRCLE('',#1556,0.2);
#1556 = AXIS2_PLACEMENT_3D('',#1557,#1558,#1559);
#1557 = CARTESIAN_POINT('',(-3.05,21.65,25.1));
#1558 = DIRECTION('',(0.,-1.,0.));
#1559 = DIRECTION('',(0.,0.,1.));
#1560 = ORIENTED_EDGE('',*,*,#1561,.F.);
#1561 = EDGE_CURVE('',#711,#1553,#1562,.T.);
#1562 = LINE('',#1563,#1564);
#1563 = CARTESIAN_POINT('',(-3.05,19.65,24.9));
#1564 = VECTOR('',#1565,1.);
#1565 = DIRECTION('',(0.,1.,0.));
#1566 = ORIENTED_EDGE('',*,*,#718,.F.);
#1567 = CYLINDRICAL_SURFACE('',#1568,0.2);
#1568 = AXIS2_PLACEMENT_3D('',#1569,#1570,#1571);
#1569 = CARTESIAN_POINT('',(-3.05,19.65,25.1));
#1570 = DIRECTION('',(0.,-1.,0.));
#1571 = DIRECTION('',(0.,0.,1.));
#1572 = ADVANCED_FACE('',(#1573),#1592,.T.);
#1573 = FACE_BOUND('',#1574,.T.);
#1574 = EDGE_LOOP('',(#1575,#1576,#1584,#1591));
#1575 = ORIENTED_EDGE('',*,*,#443,.F.);
#1576 = ORIENTED_EDGE('',*,*,#1577,.T.);
#1577 = EDGE_CURVE('',#444,#1578,#1580,.T.);
#1578 = VERTEX_POINT('',#1579);
#1579 = CARTESIAN_POINT('',(-10.80609756097,21.65,23.90487804878));
#1580 = LINE('',#1581,#1582);
#1581 = CARTESIAN_POINT('',(-10.80609756097,19.65,23.90487804878));
#1582 = VECTOR('',#1583,1.);
#1583 = DIRECTION('',(0.,1.,0.));
#1584 = ORIENTED_EDGE('',*,*,#1585,.T.);
#1585 = EDGE_CURVE('',#1578,#1521,#1586,.T.);
#1586 = CIRCLE('',#1587,0.7125);
#1587 = AXIS2_PLACEMENT_3D('',#1588,#1589,#1590);
#1588 = CARTESIAN_POINT('',(-10.9625,21.65,24.6));
#1589 = DIRECTION('',(0.,-1.,0.));
#1590 = DIRECTION('',(0.219512195122,0.,-0.975609756098));
#1591 = ORIENTED_EDGE('',*,*,#1530,.T.);
#1592 = CYLINDRICAL_SURFACE('',#1593,0.7125);
#1593 = AXIS2_PLACEMENT_3D('',#1594,#1595,#1596);
#1594 = CARTESIAN_POINT('',(-10.9625,19.65,24.6));
#1595 = DIRECTION('',(0.,-1.,0.));
#1596 = DIRECTION('',(0.219512195122,0.,-0.975609756098));
#1597 = ADVANCED_FACE('',(#1598),#1617,.T.);
#1598 = FACE_BOUND('',#1599,.T.);
#1599 = EDGE_LOOP('',(#1600,#1608,#1615,#1616));
#1600 = ORIENTED_EDGE('',*,*,#1601,.T.);
#1601 = EDGE_CURVE('',#455,#1602,#1604,.T.);
#1602 = VERTEX_POINT('',#1603);
#1603 = CARTESIAN_POINT('',(-10.85,21.65,23.9));
#1604 = LINE('',#1605,#1606);
#1605 = CARTESIAN_POINT('',(-10.85,19.65,23.9));
#1606 = VECTOR('',#1607,1.);
#1607 = DIRECTION('',(0.,1.,0.));
#1608 = ORIENTED_EDGE('',*,*,#1609,.T.);
#1609 = EDGE_CURVE('',#1602,#1578,#1610,.T.);
#1610 = CIRCLE('',#1611,0.2);
#1611 = AXIS2_PLACEMENT_3D('',#1612,#1613,#1614);
#1612 = CARTESIAN_POINT('',(-10.85,21.65,24.1));
#1613 = DIRECTION('',(-0.,-1.,-0.));
#1614 = DIRECTION('',(-1.,0.,0.));
#1615 = ORIENTED_EDGE('',*,*,#1577,.F.);
#1616 = ORIENTED_EDGE('',*,*,#454,.F.);
#1617 = CYLINDRICAL_SURFACE('',#1618,0.2);
#1618 = AXIS2_PLACEMENT_3D('',#1619,#1620,#1621);
#1619 = CARTESIAN_POINT('',(-10.85,19.65,24.1));
#1620 = DIRECTION('',(-0.,-1.,-0.));
#1621 = DIRECTION('',(-1.,0.,0.));
#1622 = ADVANCED_FACE('',(#1623),#1641,.T.);
#1623 = FACE_BOUND('',#1624,.T.);
#1624 = EDGE_LOOP('',(#1625,#1626,#1634,#1640));
#1625 = ORIENTED_EDGE('',*,*,#463,.F.);
#1626 = ORIENTED_EDGE('',*,*,#1627,.T.);
#1627 = EDGE_CURVE('',#464,#1628,#1630,.T.);
#1628 = VERTEX_POINT('',#1629);
#1629 = CARTESIAN_POINT('',(-11.05,21.65,23.9));
#1630 = LINE('',#1631,#1632);
#1631 = CARTESIAN_POINT('',(-11.05,19.65,23.9));
#1632 = VECTOR('',#1633,1.);
#1633 = DIRECTION('',(0.,1.,0.));
#1634 = ORIENTED_EDGE('',*,*,#1635,.T.);
#1635 = EDGE_CURVE('',#1628,#1602,#1636,.T.);
#1636 = LINE('',#1637,#1638);
#1637 = CARTESIAN_POINT('',(-14.05,21.65,23.9));
#1638 = VECTOR('',#1639,1.);
#1639 = DIRECTION('',(1.,0.,0.));
#1640 = ORIENTED_EDGE('',*,*,#1601,.F.);
#1641 = PLANE('',#1642);
#1642 = AXIS2_PLACEMENT_3D('',#1643,#1644,#1645);
#1643 = CARTESIAN_POINT('',(-13.85,19.65,23.9));
#1644 = DIRECTION('',(0.,0.,-1.));
#1645 = DIRECTION('',(1.,0.,0.));
#1646 = ADVANCED_FACE('',(#1647),#1681,.T.);
#1647 = FACE_BOUND('',#1648,.T.);
#1648 = EDGE_LOOP('',(#1649,#1650,#1658,#1666,#1674,#1680));
#1649 = ORIENTED_EDGE('',*,*,#471,.F.);
#1650 = ORIENTED_EDGE('',*,*,#1651,.T.);
#1651 = EDGE_CURVE('',#472,#1652,#1654,.T.);
#1652 = VERTEX_POINT('',#1653);
#1653 = CARTESIAN_POINT('',(-11.05,26.15,21.4));
#1654 = LINE('',#1655,#1656);
#1655 = CARTESIAN_POINT('',(-11.05,19.65,21.4));
#1656 = VECTOR('',#1657,1.);
#1657 = DIRECTION('',(0.,1.,0.));
#1658 = ORIENTED_EDGE('',*,*,#1659,.T.);
#1659 = EDGE_CURVE('',#1652,#1660,#1662,.T.);
#1660 = VERTEX_POINT('',#1661);
#1661 = CARTESIAN_POINT('',(-11.05,26.15,24.1));
#1662 = LINE('',#1663,#1664);
#1663 = CARTESIAN_POINT('',(-11.05,26.15,21.4));
#1664 = VECTOR('',#1665,1.);
#1665 = DIRECTION('',(0.,0.,1.));
#1666 = ORIENTED_EDGE('',*,*,#1667,.F.);
#1667 = EDGE_CURVE('',#1668,#1660,#1670,.T.);
#1668 = VERTEX_POINT('',#1669);
#1669 = CARTESIAN_POINT('',(-11.05,21.65,24.1));
#1670 = LINE('',#1671,#1672);
#1671 = CARTESIAN_POINT('',(-11.05,19.65,24.1));
#1672 = VECTOR('',#1673,1.);
#1673 = DIRECTION('',(0.,1.,0.));
#1674 = ORIENTED_EDGE('',*,*,#1675,.F.);
#1675 = EDGE_CURVE('',#1628,#1668,#1676,.T.);
#1676 = LINE('',#1677,#1678);
#1677 = CARTESIAN_POINT('',(-11.05,21.65,23.));
#1678 = VECTOR('',#1679,1.);
#1679 = DIRECTION('',(0.,0.,1.));
#1680 = ORIENTED_EDGE('',*,*,#1627,.F.);
#1681 = PLANE('',#1682);
#1682 = AXIS2_PLACEMENT_3D('',#1683,#1684,#1685);
#1683 = CARTESIAN_POINT('',(-11.05,19.65,21.4));
#1684 = DIRECTION('',(1.,0.,0.));
#1685 = DIRECTION('',(0.,0.,1.));
#1686 = ADVANCED_FACE('',(#1687),#1721,.F.);
#1687 = FACE_BOUND('',#1688,.F.);
#1688 = EDGE_LOOP('',(#1689,#1699,#1707,#1713,#1714,#1715));
#1689 = ORIENTED_EDGE('',*,*,#1690,.F.);
#1690 = EDGE_CURVE('',#1691,#1693,#1695,.T.);
#1691 = VERTEX_POINT('',#1692);
#1692 = CARTESIAN_POINT('',(-17.05,21.65,21.4));
#1693 = VERTEX_POINT('',#1694);
#1694 = CARTESIAN_POINT('',(-17.05,26.15,21.4));
#1695 = LINE('',#1696,#1697);
#1696 = CARTESIAN_POINT('',(-17.05,19.65,21.4));
#1697 = VECTOR('',#1698,1.);
#1698 = DIRECTION('',(0.,1.,0.));
#1699 = ORIENTED_EDGE('',*,*,#1700,.F.);
#1700 = EDGE_CURVE('',#1701,#1691,#1703,.T.);
#1701 = VERTEX_POINT('',#1702);
#1702 = CARTESIAN_POINT('',(-13.85,21.65,21.4));
#1703 = LINE('',#1704,#1705);
#1704 = CARTESIAN_POINT('',(-15.87274297832,21.65,21.4));
#1705 = VECTOR('',#1706,1.);
#1706 = DIRECTION('',(-1.,0.,0.));
#1707 = ORIENTED_EDGE('',*,*,#1708,.F.);
#1708 = EDGE_CURVE('',#480,#1701,#1709,.T.);
#1709 = LINE('',#1710,#1711);
#1710 = CARTESIAN_POINT('',(-13.85,19.65,21.4));
#1711 = VECTOR('',#1712,1.);
#1712 = DIRECTION('',(0.,1.,0.));
#1713 = ORIENTED_EDGE('',*,*,#479,.T.);
#1714 = ORIENTED_EDGE('',*,*,#1651,.T.);
#1715 = ORIENTED_EDGE('',*,*,#1716,.F.);
#1716 = EDGE_CURVE('',#1693,#1652,#1717,.T.);
#1717 = LINE('',#1718,#1719);
#1718 = CARTESIAN_POINT('',(-17.05,26.15,21.4));
#1719 = VECTOR('',#1720,1.);
#1720 = DIRECTION('',(1.,0.,0.));
#1721 = PLANE('',#1722);
#1722 = AXIS2_PLACEMENT_3D('',#1723,#1724,#1725);
#1723 = CARTESIAN_POINT('',(-17.05,19.65,21.4));
#1724 = DIRECTION('',(0.,0.,1.));
#1725 = DIRECTION('',(1.,0.,0.));
#1726 = ADVANCED_FACE('',(#1727),#1746,.T.);
#1727 = FACE_BOUND('',#1728,.T.);
#1728 = EDGE_LOOP('',(#1729,#1737,#1744,#1745));
#1729 = ORIENTED_EDGE('',*,*,#1730,.T.);
#1730 = EDGE_CURVE('',#488,#1731,#1733,.T.);
#1731 = VERTEX_POINT('',#1732);
#1732 = CARTESIAN_POINT('',(-14.05,21.65,21.2));
#1733 = LINE('',#1734,#1735);
#1734 = CARTESIAN_POINT('',(-14.05,19.65,21.2));
#1735 = VECTOR('',#1736,1.);
#1736 = DIRECTION('',(0.,1.,0.));
#1737 = ORIENTED_EDGE('',*,*,#1738,.T.);
#1738 = EDGE_CURVE('',#1731,#1701,#1739,.T.);
#1739 = CIRCLE('',#1740,0.2);
#1740 = AXIS2_PLACEMENT_3D('',#1741,#1742,#1743);
#1741 = CARTESIAN_POINT('',(-14.05,21.65,21.4));
#1742 = DIRECTION('',(-0.,-1.,-0.));
#1743 = DIRECTION('',(-1.,0.,0.));
#1744 = ORIENTED_EDGE('',*,*,#1708,.F.);
#1745 = ORIENTED_EDGE('',*,*,#487,.F.);
#1746 = CYLINDRICAL_SURFACE('',#1747,0.2);
#1747 = AXIS2_PLACEMENT_3D('',#1748,#1749,#1750);
#1748 = CARTESIAN_POINT('',(-14.05,19.65,21.4));
#1749 = DIRECTION('',(0.,-1.,0.));
#1750 = DIRECTION('',(-1.,0.,0.));
#1751 = ADVANCED_FACE('',(#1752),#1770,.F.);
#1752 = FACE_BOUND('',#1753,.F.);
#1753 = EDGE_LOOP('',(#1754,#1755,#1763,#1769));
#1754 = ORIENTED_EDGE('',*,*,#1730,.T.);
#1755 = ORIENTED_EDGE('',*,*,#1756,.T.);
#1756 = EDGE_CURVE('',#1731,#1757,#1759,.T.);
#1757 = VERTEX_POINT('',#1758);
#1758 = CARTESIAN_POINT('',(-17.18492153363,21.65,21.2));
#1759 = LINE('',#1760,#1761);
#1760 = CARTESIAN_POINT('',(-14.05,21.65,21.2));
#1761 = VECTOR('',#1762,1.);
#1762 = DIRECTION('',(-1.,0.,0.));
#1763 = ORIENTED_EDGE('',*,*,#1764,.F.);
#1764 = EDGE_CURVE('',#497,#1757,#1765,.T.);
#1765 = LINE('',#1766,#1767);
#1766 = CARTESIAN_POINT('',(-17.18492153363,19.65,21.2));
#1767 = VECTOR('',#1768,1.);
#1768 = DIRECTION('',(0.,1.,0.));
#1769 = ORIENTED_EDGE('',*,*,#496,.F.);
#1770 = PLANE('',#1771);
#1771 = AXIS2_PLACEMENT_3D('',#1772,#1773,#1774);
#1772 = CARTESIAN_POINT('',(-14.05,19.65,21.2));
#1773 = DIRECTION('',(0.,0.,1.));
#1774 = DIRECTION('',(-1.,0.,0.));
#1775 = ADVANCED_FACE('',(#1776),#1795,.F.);
#1776 = FACE_BOUND('',#1777,.F.);
#1777 = EDGE_LOOP('',(#1778,#1779,#1788,#1794));
#1778 = ORIENTED_EDGE('',*,*,#1764,.T.);
#1779 = ORIENTED_EDGE('',*,*,#1780,.T.);
#1780 = EDGE_CURVE('',#1757,#1781,#1783,.T.);
#1781 = VERTEX_POINT('',#1782);
#1782 = CARTESIAN_POINT('',(-17.18492153363,21.65,20.1));
#1783 = CIRCLE('',#1784,0.703125);
#1784 = AXIS2_PLACEMENT_3D('',#1785,#1786,#1787);
#1785 = CARTESIAN_POINT('',(-16.746875,21.65,20.65));
#1786 = DIRECTION('',(-0.,-1.,0.));
#1787 = DIRECTION('',(-0.557093425606,0.,0.83044982699));
#1788 = ORIENTED_EDGE('',*,*,#1789,.F.);
#1789 = EDGE_CURVE('',#505,#1781,#1790,.T.);
#1790 = LINE('',#1791,#1792);
#1791 = CARTESIAN_POINT('',(-17.18492153363,19.65,20.1));
#1792 = VECTOR('',#1793,1.);
#1793 = DIRECTION('',(0.,1.,0.));
#1794 = ORIENTED_EDGE('',*,*,#504,.F.);
#1795 = CYLINDRICAL_SURFACE('',#1796,0.703125);
#1796 = AXIS2_PLACEMENT_3D('',#1797,#1798,#1799);
#1797 = CARTESIAN_POINT('',(-16.746875,19.65,20.65));
#1798 = DIRECTION('',(0.,-1.,0.));
#1799 = DIRECTION('',(-0.557093425606,0.,0.83044982699));
#1800 = ADVANCED_FACE('',(#1801),#1819,.F.);
#1801 = FACE_BOUND('',#1802,.F.);
#1802 = EDGE_LOOP('',(#1803,#1804,#1812,#1818));
#1803 = ORIENTED_EDGE('',*,*,#1789,.T.);
#1804 = ORIENTED_EDGE('',*,*,#1805,.T.);
#1805 = EDGE_CURVE('',#1781,#1806,#1808,.T.);
#1806 = VERTEX_POINT('',#1807);
#1807 = CARTESIAN_POINT('',(-10.85,21.65,20.1));
#1808 = LINE('',#1809,#1810);
#1809 = CARTESIAN_POINT('',(-17.25,21.65,20.1));
#1810 = VECTOR('',#1811,1.);
#1811 = DIRECTION('',(1.,0.,0.));
#1812 = ORIENTED_EDGE('',*,*,#1813,.F.);
#1813 = EDGE_CURVE('',#514,#1806,#1814,.T.);
#1814 = LINE('',#1815,#1816);
#1815 = CARTESIAN_POINT('',(-10.85,19.65,20.1));
#1816 = VECTOR('',#1817,1.);
#1817 = DIRECTION('',(0.,1.,0.));
#1818 = ORIENTED_EDGE('',*,*,#513,.F.);
#1819 = PLANE('',#1820);
#1820 = AXIS2_PLACEMENT_3D('',#1821,#1822,#1823);
#1821 = CARTESIAN_POINT('',(-17.18492153363,19.65,20.1));
#1822 = DIRECTION('',(0.,0.,-1.));
#1823 = DIRECTION('',(1.,0.,0.));
#1824 = ADVANCED_FACE('',(#1825),#1844,.T.);
#1825 = FACE_BOUND('',#1826,.T.);
#1826 = EDGE_LOOP('',(#1827,#1835,#1842,#1843));
#1827 = ORIENTED_EDGE('',*,*,#1828,.T.);
#1828 = EDGE_CURVE('',#522,#1829,#1831,.T.);
#1829 = VERTEX_POINT('',#1830);
#1830 = CARTESIAN_POINT('',(-10.73858131487,21.65,20.066089965398));
#1831 = LINE('',#1832,#1833);
#1832 = CARTESIAN_POINT('',(-10.73858131487,19.65,20.066089965398));
#1833 = VECTOR('',#1834,1.);
#1834 = DIRECTION('',(0.,1.,0.));
#1835 = ORIENTED_EDGE('',*,*,#1836,.T.);
#1836 = EDGE_CURVE('',#1829,#1806,#1837,.T.);
#1837 = CIRCLE('',#1838,0.2);
#1838 = AXIS2_PLACEMENT_3D('',#1839,#1840,#1841);
#1839 = CARTESIAN_POINT('',(-10.85,21.65,19.9));
#1840 = DIRECTION('',(0.,-1.,0.));
#1841 = DIRECTION('',(0.83044982699,0.,-0.557093425606));
#1842 = ORIENTED_EDGE('',*,*,#1813,.F.);
#1843 = ORIENTED_EDGE('',*,*,#521,.F.);
#1844 = CYLINDRICAL_SURFACE('',#1845,0.2);
#1845 = AXIS2_PLACEMENT_3D('',#1846,#1847,#1848);
#1846 = CARTESIAN_POINT('',(-10.85,19.65,19.9));
#1847 = DIRECTION('',(0.,-1.,0.));
#1848 = DIRECTION('',(0.83044982699,0.,-0.557093425606));
#1849 = ADVANCED_FACE('',(#1850),#1869,.T.);
#1850 = FACE_BOUND('',#1851,.F.);
#1851 = EDGE_LOOP('',(#1852,#1853,#1862,#1868));
#1852 = ORIENTED_EDGE('',*,*,#1828,.T.);
#1853 = ORIENTED_EDGE('',*,*,#1854,.T.);
#1854 = EDGE_CURVE('',#1829,#1855,#1857,.T.);
#1855 = VERTEX_POINT('',#1856);
#1856 = CARTESIAN_POINT('',(-10.73858131487,21.65,18.233910034602));
#1857 = CIRCLE('',#1858,1.103125);
#1858 = AXIS2_PLACEMENT_3D('',#1859,#1860,#1861);
#1859 = CARTESIAN_POINT('',(-11.353125,21.65,19.15));
#1860 = DIRECTION('',(-0.,1.,0.));
#1861 = DIRECTION('',(0.557093425606,0.,0.83044982699));
#1862 = ORIENTED_EDGE('',*,*,#1863,.F.);
#1863 = EDGE_CURVE('',#531,#1855,#1864,.T.);
#1864 = LINE('',#1865,#1866);
#1865 = CARTESIAN_POINT('',(-10.73858131487,19.65,18.233910034602));
#1866 = VECTOR('',#1867,1.);
#1867 = DIRECTION('',(0.,1.,0.));
#1868 = ORIENTED_EDGE('',*,*,#530,.F.);
#1869 = CYLINDRICAL_SURFACE('',#1870,1.103125);
#1870 = AXIS2_PLACEMENT_3D('',#1871,#1872,#1873);
#1871 = CARTESIAN_POINT('',(-11.353125,19.65,19.15));
#1872 = DIRECTION('',(0.,-1.,0.));
#1873 = DIRECTION('',(0.557093425606,0.,0.83044982699));
#1874 = ADVANCED_FACE('',(#1875),#1894,.T.);
#1875 = FACE_BOUND('',#1876,.T.);
#1876 = EDGE_LOOP('',(#1877,#1885,#1892,#1893));
#1877 = ORIENTED_EDGE('',*,*,#1878,.T.);
#1878 = EDGE_CURVE('',#540,#1879,#1881,.T.);
#1879 = VERTEX_POINT('',#1880);
#1880 = CARTESIAN_POINT('',(-10.85,21.65,18.2));
#1881 = LINE('',#1882,#1883);
#1882 = CARTESIAN_POINT('',(-10.85,19.65,18.2));
#1883 = VECTOR('',#1884,1.);
#1884 = DIRECTION('',(0.,1.,0.));
#1885 = ORIENTED_EDGE('',*,*,#1886,.T.);
#1886 = EDGE_CURVE('',#1879,#1855,#1887,.T.);
#1887 = CIRCLE('',#1888,0.2);
#1888 = AXIS2_PLACEMENT_3D('',#1889,#1890,#1891);
#1889 = CARTESIAN_POINT('',(-10.85,21.65,18.4));
#1890 = DIRECTION('',(-0.,-1.,-0.));
#1891 = DIRECTION('',(-1.,0.,0.));
#1892 = ORIENTED_EDGE('',*,*,#1863,.F.);
#1893 = ORIENTED_EDGE('',*,*,#539,.F.);
#1894 = CYLINDRICAL_SURFACE('',#1895,0.2);
#1895 = AXIS2_PLACEMENT_3D('',#1896,#1897,#1898);
#1896 = CARTESIAN_POINT('',(-10.85,19.65,18.4));
#1897 = DIRECTION('',(0.,-1.,0.));
#1898 = DIRECTION('',(-1.,0.,0.));
#1899 = ADVANCED_FACE('',(#1900),#1918,.F.);
#1900 = FACE_BOUND('',#1901,.F.);
#1901 = EDGE_LOOP('',(#1902,#1903,#1911,#1917));
#1902 = ORIENTED_EDGE('',*,*,#1878,.T.);
#1903 = ORIENTED_EDGE('',*,*,#1904,.T.);
#1904 = EDGE_CURVE('',#1879,#1905,#1907,.T.);
#1905 = VERTEX_POINT('',#1906);
#1906 = CARTESIAN_POINT('',(-17.18492153363,21.65,18.2));
#1907 = LINE('',#1908,#1909);
#1908 = CARTESIAN_POINT('',(-10.85,21.65,18.2));
#1909 = VECTOR('',#1910,1.);
#1910 = DIRECTION('',(-1.,0.,0.));
#1911 = ORIENTED_EDGE('',*,*,#1912,.F.);
#1912 = EDGE_CURVE('',#549,#1905,#1913,.T.);
#1913 = LINE('',#1914,#1915);
#1914 = CARTESIAN_POINT('',(-17.18492153363,19.65,18.2));
#1915 = VECTOR('',#1916,1.);
#1916 = DIRECTION('',(0.,1.,0.));
#1917 = ORIENTED_EDGE('',*,*,#548,.F.);
#1918 = PLANE('',#1919);
#1919 = AXIS2_PLACEMENT_3D('',#1920,#1921,#1922);
#1920 = CARTESIAN_POINT('',(-10.85,19.65,18.2));
#1921 = DIRECTION('',(0.,0.,1.));
#1922 = DIRECTION('',(-1.,0.,0.));
#1923 = ADVANCED_FACE('',(#1924),#1943,.F.);
#1924 = FACE_BOUND('',#1925,.F.);
#1925 = EDGE_LOOP('',(#1926,#1927,#1936,#1942));
#1926 = ORIENTED_EDGE('',*,*,#1912,.T.);
#1927 = ORIENTED_EDGE('',*,*,#1928,.T.);
#1928 = EDGE_CURVE('',#1905,#1929,#1931,.T.);
#1929 = VERTEX_POINT('',#1930);
#1930 = CARTESIAN_POINT('',(-17.18492153363,21.65,17.1));
#1931 = CIRCLE('',#1932,0.703125);
#1932 = AXIS2_PLACEMENT_3D('',#1933,#1934,#1935);
#1933 = CARTESIAN_POINT('',(-16.746875,21.65,17.65));
#1934 = DIRECTION('',(-0.,-1.,0.));
#1935 = DIRECTION('',(-0.557093425606,0.,0.83044982699));
#1936 = ORIENTED_EDGE('',*,*,#1937,.F.);
#1937 = EDGE_CURVE('',#557,#1929,#1938,.T.);
#1938 = LINE('',#1939,#1940);
#1939 = CARTESIAN_POINT('',(-17.18492153363,19.65,17.1));
#1940 = VECTOR('',#1941,1.);
#1941 = DIRECTION('',(0.,1.,0.));
#1942 = ORIENTED_EDGE('',*,*,#556,.F.);
#1943 = CYLINDRICAL_SURFACE('',#1944,0.703125);
#1944 = AXIS2_PLACEMENT_3D('',#1945,#1946,#1947);
#1945 = CARTESIAN_POINT('',(-16.746875,19.65,17.65));
#1946 = DIRECTION('',(0.,-1.,0.));
#1947 = DIRECTION('',(-0.557093425606,0.,0.83044982699));
#1948 = ADVANCED_FACE('',(#1949),#1967,.F.);
#1949 = FACE_BOUND('',#1950,.F.);
#1950 = EDGE_LOOP('',(#1951,#1952,#1960,#1966));
#1951 = ORIENTED_EDGE('',*,*,#1937,.T.);
#1952 = ORIENTED_EDGE('',*,*,#1953,.T.);
#1953 = EDGE_CURVE('',#1929,#1954,#1956,.T.);
#1954 = VERTEX_POINT('',#1955);
#1955 = CARTESIAN_POINT('',(-14.05,21.65,17.1));
#1956 = LINE('',#1957,#1958);
#1957 = CARTESIAN_POINT('',(-17.25,21.65,17.1));
#1958 = VECTOR('',#1959,1.);
#1959 = DIRECTION('',(1.,0.,0.));
#1960 = ORIENTED_EDGE('',*,*,#1961,.F.);
#1961 = EDGE_CURVE('',#566,#1954,#1962,.T.);
#1962 = LINE('',#1963,#1964);
#1963 = CARTESIAN_POINT('',(-14.05,19.65,17.1));
#1964 = VECTOR('',#1965,1.);
#1965 = DIRECTION('',(0.,1.,0.));
#1966 = ORIENTED_EDGE('',*,*,#565,.F.);
#1967 = PLANE('',#1968);
#1968 = AXIS2_PLACEMENT_3D('',#1969,#1970,#1971);
#1969 = CARTESIAN_POINT('',(-17.18492153363,19.65,17.1));
#1970 = DIRECTION('',(0.,0.,-1.));
#1971 = DIRECTION('',(1.,0.,0.));
#1972 = ADVANCED_FACE('',(#1973),#1998,.T.);
#1973 = FACE_BOUND('',#1974,.T.);
#1974 = EDGE_LOOP('',(#1975,#1983,#1984,#1992));
#1975 = ORIENTED_EDGE('',*,*,#1976,.F.);
#1976 = EDGE_CURVE('',#574,#1977,#1979,.T.);
#1977 = VERTEX_POINT('',#1978);
#1978 = CARTESIAN_POINT('',(-13.85,21.65,16.9));
#1979 = LINE('',#1980,#1981);
#1980 = CARTESIAN_POINT('',(-13.85,19.65,16.9));
#1981 = VECTOR('',#1982,1.);
#1982 = DIRECTION('',(0.,1.,0.));
#1983 = ORIENTED_EDGE('',*,*,#582,.T.);
#1984 = ORIENTED_EDGE('',*,*,#1985,.F.);
#1985 = EDGE_CURVE('',#1986,#583,#1988,.T.);
#1986 = VERTEX_POINT('',#1987);
#1987 = CARTESIAN_POINT('',(-6.555815520449,21.65,16.9));
#1988 = LINE('',#1989,#1990);
#1989 = CARTESIAN_POINT('',(-6.555815520449,19.65,16.9));
#1990 = VECTOR('',#1991,1.);
#1991 = DIRECTION('',(0.,-1.,0.));
#1992 = ORIENTED_EDGE('',*,*,#1993,.F.);
#1993 = EDGE_CURVE('',#1977,#1986,#1994,.T.);
#1994 = LINE('',#1995,#1996);
#1995 = CARTESIAN_POINT('',(-33.3,21.65,16.9));
#1996 = VECTOR('',#1997,1.);
#1997 = DIRECTION('',(1.,0.,0.));
#1998 = PLANE('',#1999);
#1999 = AXIS2_PLACEMENT_3D('',#2000,#2001,#2002);
#2000 = CARTESIAN_POINT('',(-32.05,18.65,16.9));
#2001 = DIRECTION('',(0.,0.,1.));
#2002 = DIRECTION('',(1.,0.,0.));
#2003 = ADVANCED_FACE('',(#2004),#2016,.T.);
#2004 = FACE_BOUND('',#2005,.T.);
#2005 = EDGE_LOOP('',(#2006,#2007,#2014,#2015));
#2006 = ORIENTED_EDGE('',*,*,#1976,.T.);
#2007 = ORIENTED_EDGE('',*,*,#2008,.T.);
#2008 = EDGE_CURVE('',#1977,#1954,#2009,.T.);
#2009 = CIRCLE('',#2010,0.2);
#2010 = AXIS2_PLACEMENT_3D('',#2011,#2012,#2013);
#2011 = CARTESIAN_POINT('',(-14.05,21.65,16.9));
#2012 = DIRECTION('',(0.,-1.,0.));
#2013 = DIRECTION('',(0.,0.,-1.));
#2014 = ORIENTED_EDGE('',*,*,#1961,.F.);
#2015 = ORIENTED_EDGE('',*,*,#573,.F.);
#2016 = CYLINDRICAL_SURFACE('',#2017,0.2);
#2017 = AXIS2_PLACEMENT_3D('',#2018,#2019,#2020);
#2018 = CARTESIAN_POINT('',(-14.05,19.65,16.9));
#2019 = DIRECTION('',(0.,-1.,0.));
#2020 = DIRECTION('',(0.,0.,-1.));
#2021 = ADVANCED_FACE('',(#2022),#2041,.T.);
#2022 = FACE_BOUND('',#2023,.T.);
#2023 = EDGE_LOOP('',(#2024,#2025,#2033,#2040));
#2024 = ORIENTED_EDGE('',*,*,#590,.F.);
#2025 = ORIENTED_EDGE('',*,*,#2026,.T.);
#2026 = EDGE_CURVE('',#591,#2027,#2029,.T.);
#2027 = VERTEX_POINT('',#2028);
#2028 = CARTESIAN_POINT('',(-6.361418685121,21.65,18.566089965398));
#2029 = LINE('',#2030,#2031);
#2030 = CARTESIAN_POINT('',(-6.361418685121,19.65,18.566089965398));
#2031 = VECTOR('',#2032,1.);
#2032 = DIRECTION('',(0.,1.,0.));
#2033 = ORIENTED_EDGE('',*,*,#2034,.T.);
#2034 = EDGE_CURVE('',#2027,#1986,#2035,.T.);
#2035 = CIRCLE('',#2036,1.103125);
#2036 = AXIS2_PLACEMENT_3D('',#2037,#2038,#2039);
#2037 = CARTESIAN_POINT('',(-5.746875,21.65,17.65));
#2038 = DIRECTION('',(-0.,-1.,0.));
#2039 = DIRECTION('',(-0.557093425606,0.,0.83044982699));
#2040 = ORIENTED_EDGE('',*,*,#1985,.T.);
#2041 = CYLINDRICAL_SURFACE('',#2042,1.103125);
#2042 = AXIS2_PLACEMENT_3D('',#2043,#2044,#2045);
#2043 = CARTESIAN_POINT('',(-5.746875,19.65,17.65));
#2044 = DIRECTION('',(0.,-1.,0.));
#2045 = DIRECTION('',(-0.557093425606,0.,0.83044982699));
#2046 = ADVANCED_FACE('',(#2047),#2079,.F.);
#2047 = FACE_BOUND('',#2048,.F.);
#2048 = EDGE_LOOP('',(#2049,#2050,#2058,#2064,#2065,#2073));
#2049 = ORIENTED_EDGE('',*,*,#376,.F.);
#2050 = ORIENTED_EDGE('',*,*,#2051,.F.);
#2051 = EDGE_CURVE('',#2052,#369,#2054,.T.);
#2052 = VERTEX_POINT('',#2053);
#2053 = CARTESIAN_POINT('',(-17.05,21.65,21.6));
#2054 = LINE('',#2055,#2056);
#2055 = CARTESIAN_POINT('',(-17.05,19.65,21.6));
#2056 = VECTOR('',#2057,1.);
#2057 = DIRECTION('',(0.,-1.,0.));
#2058 = ORIENTED_EDGE('',*,*,#2059,.F.);
#2059 = EDGE_CURVE('',#1691,#2052,#2060,.T.);
#2060 = LINE('',#2061,#2062);
#2061 = CARTESIAN_POINT('',(-17.05,21.65,20.275));
#2062 = VECTOR('',#2063,1.);
#2063 = DIRECTION('',(0.,0.,1.));
#2064 = ORIENTED_EDGE('',*,*,#1690,.T.);
#2065 = ORIENTED_EDGE('',*,*,#2066,.T.);
#2066 = EDGE_CURVE('',#1693,#2067,#2069,.T.);
#2067 = VERTEX_POINT('',#2068);
#2068 = CARTESIAN_POINT('',(-17.05,26.15,24.1));
#2069 = LINE('',#2070,#2071);
#2070 = CARTESIAN_POINT('',(-17.05,26.15,21.4));
#2071 = VECTOR('',#2072,1.);
#2072 = DIRECTION('',(0.,0.,1.));
#2073 = ORIENTED_EDGE('',*,*,#2074,.F.);
#2074 = EDGE_CURVE('',#377,#2067,#2075,.T.);
#2075 = LINE('',#2076,#2077);
#2076 = CARTESIAN_POINT('',(-17.05,19.65,24.1));
#2077 = VECTOR('',#2078,1.);
#2078 = DIRECTION('',(0.,1.,0.));
#2079 = PLANE('',#2080);
#2080 = AXIS2_PLACEMENT_3D('',#2081,#2082,#2083);
#2081 = CARTESIAN_POINT('',(-17.05,19.65,21.4));
#2082 = DIRECTION('',(1.,0.,0.));
#2083 = DIRECTION('',(0.,0.,1.));
#2084 = ADVANCED_FACE('',(#2085),#2110,.F.);
#2085 = FACE_BOUND('',#2086,.F.);
#2086 = EDGE_LOOP('',(#2087,#2097,#2103,#2104));
#2087 = ORIENTED_EDGE('',*,*,#2088,.F.);
#2088 = EDGE_CURVE('',#2089,#2091,#2093,.T.);
#2089 = VERTEX_POINT('',#2090);
#2090 = CARTESIAN_POINT('',(-21.45490148739,21.65,25.1));
#2091 = VERTEX_POINT('',#2092);
#2092 = CARTESIAN_POINT('',(-14.25,21.65,25.1));
#2093 = LINE('',#2094,#2095);
#2094 = CARTESIAN_POINT('',(-33.3,21.65,25.1));
#2095 = VECTOR('',#2096,1.);
#2096 = DIRECTION('',(1.,0.,0.));
#2097 = ORIENTED_EDGE('',*,*,#2098,.T.);
#2098 = EDGE_CURVE('',#2089,#154,#2099,.T.);
#2099 = LINE('',#2100,#2101);
#2100 = CARTESIAN_POINT('',(-21.45490148739,19.65,25.1));
#2101 = VECTOR('',#2102,1.);
#2102 = DIRECTION('',(0.,-1.,0.));
#2103 = ORIENTED_EDGE('',*,*,#435,.T.);
#2104 = ORIENTED_EDGE('',*,*,#2105,.T.);
#2105 = EDGE_CURVE('',#427,#2091,#2106,.T.);
#2106 = LINE('',#2107,#2108);
#2107 = CARTESIAN_POINT('',(-14.25,19.65,25.1));
#2108 = VECTOR('',#2109,1.);
#2109 = DIRECTION('',(0.,1.,0.));
#2110 = PLANE('',#2111);
#2111 = AXIS2_PLACEMENT_3D('',#2112,#2113,#2114);
#2112 = CARTESIAN_POINT('',(-32.05,18.65,25.1));
#2113 = DIRECTION('',(0.,0.,1.));
#2114 = DIRECTION('',(1.,0.,0.));
#2115 = ADVANCED_FACE('',(#2116),#2135,.T.);
#2116 = FACE_BOUND('',#2117,.T.);
#2117 = EDGE_LOOP('',(#2118,#2119,#2128,#2134));
#2118 = ORIENTED_EDGE('',*,*,#2105,.T.);
#2119 = ORIENTED_EDGE('',*,*,#2120,.T.);
#2120 = EDGE_CURVE('',#2091,#2121,#2123,.T.);
#2121 = VERTEX_POINT('',#2122);
#2122 = CARTESIAN_POINT('',(-14.05,21.65,24.9));
#2123 = CIRCLE('',#2124,0.2);
#2124 = AXIS2_PLACEMENT_3D('',#2125,#2126,#2127);
#2125 = CARTESIAN_POINT('',(-14.05,21.65,25.1));
#2126 = DIRECTION('',(0.,-1.,0.));
#2127 = DIRECTION('',(0.,0.,1.));
#2128 = ORIENTED_EDGE('',*,*,#2129,.F.);
#2129 = EDGE_CURVE('',#419,#2121,#2130,.T.);
#2130 = LINE('',#2131,#2132);
#2131 = CARTESIAN_POINT('',(-14.05,19.65,24.9));
#2132 = VECTOR('',#2133,1.);
#2133 = DIRECTION('',(0.,1.,0.));
#2134 = ORIENTED_EDGE('',*,*,#426,.F.);
#2135 = CYLINDRICAL_SURFACE('',#2136,0.2);
#2136 = AXIS2_PLACEMENT_3D('',#2137,#2138,#2139);
#2137 = CARTESIAN_POINT('',(-14.05,19.65,25.1));
#2138 = DIRECTION('',(0.,-1.,0.));
#2139 = DIRECTION('',(0.,0.,1.));
#2140 = ADVANCED_FACE('',(#2141),#2160,.T.);
#2141 = FACE_BOUND('',#2142,.T.);
#2142 = EDGE_LOOP('',(#2143,#2144,#2152,#2159));
#2143 = ORIENTED_EDGE('',*,*,#151,.F.);
#2144 = ORIENTED_EDGE('',*,*,#2145,.T.);
#2145 = EDGE_CURVE('',#152,#2146,#2148,.T.);
#2146 = VERTEX_POINT('',#2147);
#2147 = CARTESIAN_POINT('',(-21.80609756097,21.65,23.90487804878));
#2148 = LINE('',#2149,#2150);
#2149 = CARTESIAN_POINT('',(-21.80609756097,19.65,23.90487804878));
#2150 = VECTOR('',#2151,1.);
#2151 = DIRECTION('',(0.,1.,0.));
#2152 = ORIENTED_EDGE('',*,*,#2153,.T.);
#2153 = EDGE_CURVE('',#2146,#2089,#2154,.T.);
#2154 = CIRCLE('',#2155,0.7125);
#2155 = AXIS2_PLACEMENT_3D('',#2156,#2157,#2158);
#2156 = CARTESIAN_POINT('',(-21.9625,21.65,24.6));
#2157 = DIRECTION('',(0.,-1.,0.));
#2158 = DIRECTION('',(0.219512195122,0.,-0.975609756098));
#2159 = ORIENTED_EDGE('',*,*,#2098,.T.);
#2160 = CYLINDRICAL_SURFACE('',#2161,0.7125);
#2161 = AXIS2_PLACEMENT_3D('',#2162,#2163,#2164);
#2162 = CARTESIAN_POINT('',(-21.9625,19.65,24.6));
#2163 = DIRECTION('',(0.,-1.,0.));
#2164 = DIRECTION('',(0.219512195122,0.,-0.975609756098));
#2165 = ADVANCED_FACE('',(#2166),#2185,.T.);
#2166 = FACE_BOUND('',#2167,.T.);
#2167 = EDGE_LOOP('',(#2168,#2176,#2183,#2184));
#2168 = ORIENTED_EDGE('',*,*,#2169,.T.);
#2169 = EDGE_CURVE('',#163,#2170,#2172,.T.);
#2170 = VERTEX_POINT('',#2171);
#2171 = CARTESIAN_POINT('',(-21.85,21.65,23.9));
#2172 = LINE('',#2173,#2174);
#2173 = CARTESIAN_POINT('',(-21.85,19.65,23.9));
#2174 = VECTOR('',#2175,1.);
#2175 = DIRECTION('',(0.,1.,0.));
#2176 = ORIENTED_EDGE('',*,*,#2177,.T.);
#2177 = EDGE_CURVE('',#2170,#2146,#2178,.T.);
#2178 = CIRCLE('',#2179,0.2);
#2179 = AXIS2_PLACEMENT_3D('',#2180,#2181,#2182);
#2180 = CARTESIAN_POINT('',(-21.85,21.65,24.1));
#2181 = DIRECTION('',(-0.,-1.,-0.));
#2182 = DIRECTION('',(-1.,0.,0.));
#2183 = ORIENTED_EDGE('',*,*,#2145,.F.);
#2184 = ORIENTED_EDGE('',*,*,#162,.F.);
#2185 = CYLINDRICAL_SURFACE('',#2186,0.2);
#2186 = AXIS2_PLACEMENT_3D('',#2187,#2188,#2189);
#2187 = CARTESIAN_POINT('',(-21.85,19.65,24.1));
#2188 = DIRECTION('',(-0.,-1.,-0.));
#2189 = DIRECTION('',(-1.,0.,0.));
#2190 = ADVANCED_FACE('',(#2191),#2209,.T.);
#2191 = FACE_BOUND('',#2192,.T.);
#2192 = EDGE_LOOP('',(#2193,#2194,#2202,#2208));
#2193 = ORIENTED_EDGE('',*,*,#171,.F.);
#2194 = ORIENTED_EDGE('',*,*,#2195,.T.);
#2195 = EDGE_CURVE('',#172,#2196,#2198,.T.);
#2196 = VERTEX_POINT('',#2197);
#2197 = CARTESIAN_POINT('',(-22.05,21.65,23.9));
#2198 = LINE('',#2199,#2200);
#2199 = CARTESIAN_POINT('',(-22.05,19.65,23.9));
#2200 = VECTOR('',#2201,1.);
#2201 = DIRECTION('',(0.,1.,0.));
#2202 = ORIENTED_EDGE('',*,*,#2203,.T.);
#2203 = EDGE_CURVE('',#2196,#2170,#2204,.T.);
#2204 = LINE('',#2205,#2206);
#2205 = CARTESIAN_POINT('',(-25.05,21.65,23.9));
#2206 = VECTOR('',#2207,1.);
#2207 = DIRECTION('',(1.,0.,0.));
#2208 = ORIENTED_EDGE('',*,*,#2169,.F.);
#2209 = PLANE('',#2210);
#2210 = AXIS2_PLACEMENT_3D('',#2211,#2212,#2213);
#2211 = CARTESIAN_POINT('',(-24.85,19.65,23.9));
#2212 = DIRECTION('',(0.,0.,-1.));
#2213 = DIRECTION('',(1.,0.,0.));
#2214 = ADVANCED_FACE('',(#2215),#2249,.T.);
#2215 = FACE_BOUND('',#2216,.T.);
#2216 = EDGE_LOOP('',(#2217,#2218,#2226,#2234,#2242,#2248));
#2217 = ORIENTED_EDGE('',*,*,#179,.F.);
#2218 = ORIENTED_EDGE('',*,*,#2219,.T.);
#2219 = EDGE_CURVE('',#180,#2220,#2222,.T.);
#2220 = VERTEX_POINT('',#2221);
#2221 = CARTESIAN_POINT('',(-22.05,26.15,21.4));
#2222 = LINE('',#2223,#2224);
#2223 = CARTESIAN_POINT('',(-22.05,19.65,21.4));
#2224 = VECTOR('',#2225,1.);
#2225 = DIRECTION('',(0.,1.,0.));
#2226 = ORIENTED_EDGE('',*,*,#2227,.T.);
#2227 = EDGE_CURVE('',#2220,#2228,#2230,.T.);
#2228 = VERTEX_POINT('',#2229);
#2229 = CARTESIAN_POINT('',(-22.05,26.15,24.1));
#2230 = LINE('',#2231,#2232);
#2231 = CARTESIAN_POINT('',(-22.05,26.15,21.4));
#2232 = VECTOR('',#2233,1.);
#2233 = DIRECTION('',(0.,0.,1.));
#2234 = ORIENTED_EDGE('',*,*,#2235,.F.);
#2235 = EDGE_CURVE('',#2236,#2228,#2238,.T.);
#2236 = VERTEX_POINT('',#2237);
#2237 = CARTESIAN_POINT('',(-22.05,21.65,24.1));
#2238 = LINE('',#2239,#2240);
#2239 = CARTESIAN_POINT('',(-22.05,19.65,24.1));
#2240 = VECTOR('',#2241,1.);
#2241 = DIRECTION('',(0.,1.,0.));
#2242 = ORIENTED_EDGE('',*,*,#2243,.F.);
#2243 = EDGE_CURVE('',#2196,#2236,#2244,.T.);
#2244 = LINE('',#2245,#2246);
#2245 = CARTESIAN_POINT('',(-22.05,21.65,23.));
#2246 = VECTOR('',#2247,1.);
#2247 = DIRECTION('',(0.,0.,1.));
#2248 = ORIENTED_EDGE('',*,*,#2195,.F.);
#2249 = PLANE('',#2250);
#2250 = AXIS2_PLACEMENT_3D('',#2251,#2252,#2253);
#2251 = CARTESIAN_POINT('',(-22.05,19.65,21.4));
#2252 = DIRECTION('',(1.,0.,0.));
#2253 = DIRECTION('',(0.,0.,1.));
#2254 = ADVANCED_FACE('',(#2255),#2289,.F.);
#2255 = FACE_BOUND('',#2256,.F.);
#2256 = EDGE_LOOP('',(#2257,#2267,#2275,#2281,#2282,#2283));
#2257 = ORIENTED_EDGE('',*,*,#2258,.F.);
#2258 = EDGE_CURVE('',#2259,#2261,#2263,.T.);
#2259 = VERTEX_POINT('',#2260);
#2260 = CARTESIAN_POINT('',(-28.05,21.65,21.4));
#2261 = VERTEX_POINT('',#2262);
#2262 = CARTESIAN_POINT('',(-28.05,26.15,21.4));
#2263 = LINE('',#2264,#2265);
#2264 = CARTESIAN_POINT('',(-28.05,19.65,21.4));
#2265 = VECTOR('',#2266,1.);
#2266 = DIRECTION('',(0.,1.,0.));
#2267 = ORIENTED_EDGE('',*,*,#2268,.F.);
#2268 = EDGE_CURVE('',#2269,#2259,#2271,.T.);
#2269 = VERTEX_POINT('',#2270);
#2270 = CARTESIAN_POINT('',(-24.85,21.65,21.4));
#2271 = LINE('',#2272,#2273);
#2272 = CARTESIAN_POINT('',(-26.87274297832,21.65,21.4));
#2273 = VECTOR('',#2274,1.);
#2274 = DIRECTION('',(-1.,0.,0.));
#2275 = ORIENTED_EDGE('',*,*,#2276,.F.);
#2276 = EDGE_CURVE('',#188,#2269,#2277,.T.);
#2277 = LINE('',#2278,#2279);
#2278 = CARTESIAN_POINT('',(-24.85,19.65,21.4));
#2279 = VECTOR('',#2280,1.);
#2280 = DIRECTION('',(0.,1.,0.));
#2281 = ORIENTED_EDGE('',*,*,#187,.T.);
#2282 = ORIENTED_EDGE('',*,*,#2219,.T.);
#2283 = ORIENTED_EDGE('',*,*,#2284,.F.);
#2284 = EDGE_CURVE('',#2261,#2220,#2285,.T.);
#2285 = LINE('',#2286,#2287);
#2286 = CARTESIAN_POINT('',(-28.05,26.15,21.4));
#2287 = VECTOR('',#2288,1.);
#2288 = DIRECTION('',(1.,0.,0.));
#2289 = PLANE('',#2290);
#2290 = AXIS2_PLACEMENT_3D('',#2291,#2292,#2293);
#2291 = CARTESIAN_POINT('',(-28.05,19.65,21.4));
#2292 = DIRECTION('',(0.,0.,1.));
#2293 = DIRECTION('',(1.,0.,0.));
#2294 = ADVANCED_FACE('',(#2295),#2314,.T.);
#2295 = FACE_BOUND('',#2296,.T.);
#2296 = EDGE_LOOP('',(#2297,#2305,#2312,#2313));
#2297 = ORIENTED_EDGE('',*,*,#2298,.T.);
#2298 = EDGE_CURVE('',#196,#2299,#2301,.T.);
#2299 = VERTEX_POINT('',#2300);
#2300 = CARTESIAN_POINT('',(-25.05,21.65,21.2));
#2301 = LINE('',#2302,#2303);
#2302 = CARTESIAN_POINT('',(-25.05,19.65,21.2));
#2303 = VECTOR('',#2304,1.);
#2304 = DIRECTION('',(0.,1.,0.));
#2305 = ORIENTED_EDGE('',*,*,#2306,.T.);
#2306 = EDGE_CURVE('',#2299,#2269,#2307,.T.);
#2307 = CIRCLE('',#2308,0.2);
#2308 = AXIS2_PLACEMENT_3D('',#2309,#2310,#2311);
#2309 = CARTESIAN_POINT('',(-25.05,21.65,21.4));
#2310 = DIRECTION('',(-0.,-1.,-0.));
#2311 = DIRECTION('',(-1.,0.,0.));
#2312 = ORIENTED_EDGE('',*,*,#2276,.F.);
#2313 = ORIENTED_EDGE('',*,*,#195,.F.);
#2314 = CYLINDRICAL_SURFACE('',#2315,0.2);
#2315 = AXIS2_PLACEMENT_3D('',#2316,#2317,#2318);
#2316 = CARTESIAN_POINT('',(-25.05,19.65,21.4));
#2317 = DIRECTION('',(0.,-1.,0.));
#2318 = DIRECTION('',(-1.,0.,0.));
#2319 = ADVANCED_FACE('',(#2320),#2338,.F.);
#2320 = FACE_BOUND('',#2321,.F.);
#2321 = EDGE_LOOP('',(#2322,#2323,#2331,#2337));
#2322 = ORIENTED_EDGE('',*,*,#2298,.T.);
#2323 = ORIENTED_EDGE('',*,*,#2324,.T.);
#2324 = EDGE_CURVE('',#2299,#2325,#2327,.T.);
#2325 = VERTEX_POINT('',#2326);
#2326 = CARTESIAN_POINT('',(-28.18492153363,21.65,21.2));
#2327 = LINE('',#2328,#2329);
#2328 = CARTESIAN_POINT('',(-25.05,21.65,21.2));
#2329 = VECTOR('',#2330,1.);
#2330 = DIRECTION('',(-1.,0.,0.));
#2331 = ORIENTED_EDGE('',*,*,#2332,.F.);
#2332 = EDGE_CURVE('',#205,#2325,#2333,.T.);
#2333 = LINE('',#2334,#2335);
#2334 = CARTESIAN_POINT('',(-28.18492153363,19.65,21.2));
#2335 = VECTOR('',#2336,1.);
#2336 = DIRECTION('',(0.,1.,0.));
#2337 = ORIENTED_EDGE('',*,*,#204,.F.);
#2338 = PLANE('',#2339);
#2339 = AXIS2_PLACEMENT_3D('',#2340,#2341,#2342);
#2340 = CARTESIAN_POINT('',(-25.05,19.65,21.2));
#2341 = DIRECTION('',(0.,0.,1.));
#2342 = DIRECTION('',(-1.,0.,0.));
#2343 = ADVANCED_FACE('',(#2344),#2363,.F.);
#2344 = FACE_BOUND('',#2345,.F.);
#2345 = EDGE_LOOP('',(#2346,#2347,#2356,#2362));
#2346 = ORIENTED_EDGE('',*,*,#2332,.T.);
#2347 = ORIENTED_EDGE('',*,*,#2348,.T.);
#2348 = EDGE_CURVE('',#2325,#2349,#2351,.T.);
#2349 = VERTEX_POINT('',#2350);
#2350 = CARTESIAN_POINT('',(-28.18492153363,21.65,20.1));
#2351 = CIRCLE('',#2352,0.703125);
#2352 = AXIS2_PLACEMENT_3D('',#2353,#2354,#2355);
#2353 = CARTESIAN_POINT('',(-27.746875,21.65,20.65));
#2354 = DIRECTION('',(-0.,-1.,0.));
#2355 = DIRECTION('',(-0.557093425606,0.,0.83044982699));
#2356 = ORIENTED_EDGE('',*,*,#2357,.F.);
#2357 = EDGE_CURVE('',#213,#2349,#2358,.T.);
#2358 = LINE('',#2359,#2360);
#2359 = CARTESIAN_POINT('',(-28.18492153363,19.65,20.1));
#2360 = VECTOR('',#2361,1.);
#2361 = DIRECTION('',(0.,1.,0.));
#2362 = ORIENTED_EDGE('',*,*,#212,.F.);
#2363 = CYLINDRICAL_SURFACE('',#2364,0.703125);
#2364 = AXIS2_PLACEMENT_3D('',#2365,#2366,#2367);
#2365 = CARTESIAN_POINT('',(-27.746875,19.65,20.65));
#2366 = DIRECTION('',(0.,-1.,0.));
#2367 = DIRECTION('',(-0.557093425606,0.,0.83044982699));
#2368 = ADVANCED_FACE('',(#2369),#2387,.F.);
#2369 = FACE_BOUND('',#2370,.F.);
#2370 = EDGE_LOOP('',(#2371,#2372,#2380,#2386));
#2371 = ORIENTED_EDGE('',*,*,#2357,.T.);
#2372 = ORIENTED_EDGE('',*,*,#2373,.T.);
#2373 = EDGE_CURVE('',#2349,#2374,#2376,.T.);
#2374 = VERTEX_POINT('',#2375);
#2375 = CARTESIAN_POINT('',(-21.85,21.65,20.1));
#2376 = LINE('',#2377,#2378);
#2377 = CARTESIAN_POINT('',(-28.25,21.65,20.1));
#2378 = VECTOR('',#2379,1.);
#2379 = DIRECTION('',(1.,0.,0.));
#2380 = ORIENTED_EDGE('',*,*,#2381,.F.);
#2381 = EDGE_CURVE('',#222,#2374,#2382,.T.);
#2382 = LINE('',#2383,#2384);
#2383 = CARTESIAN_POINT('',(-21.85,19.65,20.1));
#2384 = VECTOR('',#2385,1.);
#2385 = DIRECTION('',(0.,1.,0.));
#2386 = ORIENTED_EDGE('',*,*,#221,.F.);
#2387 = PLANE('',#2388);
#2388 = AXIS2_PLACEMENT_3D('',#2389,#2390,#2391);
#2389 = CARTESIAN_POINT('',(-28.18492153363,19.65,20.1));
#2390 = DIRECTION('',(0.,0.,-1.));
#2391 = DIRECTION('',(1.,0.,0.));
#2392 = ADVANCED_FACE('',(#2393),#2412,.T.);
#2393 = FACE_BOUND('',#2394,.T.);
#2394 = EDGE_LOOP('',(#2395,#2403,#2410,#2411));
#2395 = ORIENTED_EDGE('',*,*,#2396,.T.);
#2396 = EDGE_CURVE('',#230,#2397,#2399,.T.);
#2397 = VERTEX_POINT('',#2398);
#2398 = CARTESIAN_POINT('',(-21.73858131487,21.65,20.066089965398));
#2399 = LINE('',#2400,#2401);
#2400 = CARTESIAN_POINT('',(-21.73858131487,19.65,20.066089965398));
#2401 = VECTOR('',#2402,1.);
#2402 = DIRECTION('',(0.,1.,0.));
#2403 = ORIENTED_EDGE('',*,*,#2404,.T.);
#2404 = EDGE_CURVE('',#2397,#2374,#2405,.T.);
#2405 = CIRCLE('',#2406,0.2);
#2406 = AXIS2_PLACEMENT_3D('',#2407,#2408,#2409);
#2407 = CARTESIAN_POINT('',(-21.85,21.65,19.9));
#2408 = DIRECTION('',(0.,-1.,0.));
#2409 = DIRECTION('',(0.83044982699,0.,-0.557093425606));
#2410 = ORIENTED_EDGE('',*,*,#2381,.F.);
#2411 = ORIENTED_EDGE('',*,*,#229,.F.);
#2412 = CYLINDRICAL_SURFACE('',#2413,0.2);
#2413 = AXIS2_PLACEMENT_3D('',#2414,#2415,#2416);
#2414 = CARTESIAN_POINT('',(-21.85,19.65,19.9));
#2415 = DIRECTION('',(0.,-1.,0.));
#2416 = DIRECTION('',(0.83044982699,0.,-0.557093425606));
#2417 = ADVANCED_FACE('',(#2418),#2437,.T.);
#2418 = FACE_BOUND('',#2419,.F.);
#2419 = EDGE_LOOP('',(#2420,#2421,#2430,#2436));
#2420 = ORIENTED_EDGE('',*,*,#2396,.T.);
#2421 = ORIENTED_EDGE('',*,*,#2422,.T.);
#2422 = EDGE_CURVE('',#2397,#2423,#2425,.T.);
#2423 = VERTEX_POINT('',#2424);
#2424 = CARTESIAN_POINT('',(-21.73858131487,21.65,18.233910034602));
#2425 = CIRCLE('',#2426,1.103125);
#2426 = AXIS2_PLACEMENT_3D('',#2427,#2428,#2429);
#2427 = CARTESIAN_POINT('',(-22.353125,21.65,19.15));
#2428 = DIRECTION('',(-0.,1.,0.));
#2429 = DIRECTION('',(0.557093425606,0.,0.83044982699));
#2430 = ORIENTED_EDGE('',*,*,#2431,.F.);
#2431 = EDGE_CURVE('',#239,#2423,#2432,.T.);
#2432 = LINE('',#2433,#2434);
#2433 = CARTESIAN_POINT('',(-21.73858131487,19.65,18.233910034602));
#2434 = VECTOR('',#2435,1.);
#2435 = DIRECTION('',(0.,1.,0.));
#2436 = ORIENTED_EDGE('',*,*,#238,.F.);
#2437 = CYLINDRICAL_SURFACE('',#2438,1.103125);
#2438 = AXIS2_PLACEMENT_3D('',#2439,#2440,#2441);
#2439 = CARTESIAN_POINT('',(-22.353125,19.65,19.15));
#2440 = DIRECTION('',(0.,-1.,0.));
#2441 = DIRECTION('',(0.557093425606,0.,0.83044982699));
#2442 = ADVANCED_FACE('',(#2443),#2462,.T.);
#2443 = FACE_BOUND('',#2444,.T.);
#2444 = EDGE_LOOP('',(#2445,#2453,#2460,#2461));
#2445 = ORIENTED_EDGE('',*,*,#2446,.T.);
#2446 = EDGE_CURVE('',#248,#2447,#2449,.T.);
#2447 = VERTEX_POINT('',#2448);
#2448 = CARTESIAN_POINT('',(-21.85,21.65,18.2));
#2449 = LINE('',#2450,#2451);
#2450 = CARTESIAN_POINT('',(-21.85,19.65,18.2));
#2451 = VECTOR('',#2452,1.);
#2452 = DIRECTION('',(0.,1.,0.));
#2453 = ORIENTED_EDGE('',*,*,#2454,.T.);
#2454 = EDGE_CURVE('',#2447,#2423,#2455,.T.);
#2455 = CIRCLE('',#2456,0.2);
#2456 = AXIS2_PLACEMENT_3D('',#2457,#2458,#2459);
#2457 = CARTESIAN_POINT('',(-21.85,21.65,18.4));
#2458 = DIRECTION('',(-0.,-1.,-0.));
#2459 = DIRECTION('',(-1.,0.,0.));
#2460 = ORIENTED_EDGE('',*,*,#2431,.F.);
#2461 = ORIENTED_EDGE('',*,*,#247,.F.);
#2462 = CYLINDRICAL_SURFACE('',#2463,0.2);
#2463 = AXIS2_PLACEMENT_3D('',#2464,#2465,#2466);
#2464 = CARTESIAN_POINT('',(-21.85,19.65,18.4));
#2465 = DIRECTION('',(0.,-1.,0.));
#2466 = DIRECTION('',(-1.,0.,0.));
#2467 = ADVANCED_FACE('',(#2468),#2486,.F.);
#2468 = FACE_BOUND('',#2469,.F.);
#2469 = EDGE_LOOP('',(#2470,#2471,#2479,#2485));
#2470 = ORIENTED_EDGE('',*,*,#2446,.T.);
#2471 = ORIENTED_EDGE('',*,*,#2472,.T.);
#2472 = EDGE_CURVE('',#2447,#2473,#2475,.T.);
#2473 = VERTEX_POINT('',#2474);
#2474 = CARTESIAN_POINT('',(-28.18492153363,21.65,18.2));
#2475 = LINE('',#2476,#2477);
#2476 = CARTESIAN_POINT('',(-21.85,21.65,18.2));
#2477 = VECTOR('',#2478,1.);
#2478 = DIRECTION('',(-1.,0.,0.));
#2479 = ORIENTED_EDGE('',*,*,#2480,.F.);
#2480 = EDGE_CURVE('',#257,#2473,#2481,.T.);
#2481 = LINE('',#2482,#2483);
#2482 = CARTESIAN_POINT('',(-28.18492153363,19.65,18.2));
#2483 = VECTOR('',#2484,1.);
#2484 = DIRECTION('',(0.,1.,0.));
#2485 = ORIENTED_EDGE('',*,*,#256,.F.);
#2486 = PLANE('',#2487);
#2487 = AXIS2_PLACEMENT_3D('',#2488,#2489,#2490);
#2488 = CARTESIAN_POINT('',(-21.85,19.65,18.2));
#2489 = DIRECTION('',(0.,0.,1.));
#2490 = DIRECTION('',(-1.,0.,0.));
#2491 = ADVANCED_FACE('',(#2492),#2511,.F.);
#2492 = FACE_BOUND('',#2493,.F.);
#2493 = EDGE_LOOP('',(#2494,#2495,#2504,#2510));
#2494 = ORIENTED_EDGE('',*,*,#2480,.T.);
#2495 = ORIENTED_EDGE('',*,*,#2496,.T.);
#2496 = EDGE_CURVE('',#2473,#2497,#2499,.T.);
#2497 = VERTEX_POINT('',#2498);
#2498 = CARTESIAN_POINT('',(-28.18492153363,21.65,17.1));
#2499 = CIRCLE('',#2500,0.703125);
#2500 = AXIS2_PLACEMENT_3D('',#2501,#2502,#2503);
#2501 = CARTESIAN_POINT('',(-27.746875,21.65,17.65));
#2502 = DIRECTION('',(-0.,-1.,0.));
#2503 = DIRECTION('',(-0.557093425606,0.,0.83044982699));
#2504 = ORIENTED_EDGE('',*,*,#2505,.F.);
#2505 = EDGE_CURVE('',#265,#2497,#2506,.T.);
#2506 = LINE('',#2507,#2508);
#2507 = CARTESIAN_POINT('',(-28.18492153363,19.65,17.1));
#2508 = VECTOR('',#2509,1.);
#2509 = DIRECTION('',(0.,1.,0.));
#2510 = ORIENTED_EDGE('',*,*,#264,.F.);
#2511 = CYLINDRICAL_SURFACE('',#2512,0.703125);
#2512 = AXIS2_PLACEMENT_3D('',#2513,#2514,#2515);
#2513 = CARTESIAN_POINT('',(-27.746875,19.65,17.65));
#2514 = DIRECTION('',(0.,-1.,0.));
#2515 = DIRECTION('',(-0.557093425606,0.,0.83044982699));
#2516 = ADVANCED_FACE('',(#2517),#2535,.F.);
#2517 = FACE_BOUND('',#2518,.F.);
#2518 = EDGE_LOOP('',(#2519,#2520,#2528,#2534));
#2519 = ORIENTED_EDGE('',*,*,#2505,.T.);
#2520 = ORIENTED_EDGE('',*,*,#2521,.T.);
#2521 = EDGE_CURVE('',#2497,#2522,#2524,.T.);
#2522 = VERTEX_POINT('',#2523);
#2523 = CARTESIAN_POINT('',(-25.05,21.65,17.1));
#2524 = LINE('',#2525,#2526);
#2525 = CARTESIAN_POINT('',(-28.25,21.65,17.1));
#2526 = VECTOR('',#2527,1.);
#2527 = DIRECTION('',(1.,0.,0.));
#2528 = ORIENTED_EDGE('',*,*,#2529,.F.);
#2529 = EDGE_CURVE('',#274,#2522,#2530,.T.);
#2530 = LINE('',#2531,#2532);
#2531 = CARTESIAN_POINT('',(-25.05,19.65,17.1));
#2532 = VECTOR('',#2533,1.);
#2533 = DIRECTION('',(0.,1.,0.));
#2534 = ORIENTED_EDGE('',*,*,#273,.F.);
#2535 = PLANE('',#2536);
#2536 = AXIS2_PLACEMENT_3D('',#2537,#2538,#2539);
#2537 = CARTESIAN_POINT('',(-28.18492153363,19.65,17.1));
#2538 = DIRECTION('',(0.,0.,-1.));
#2539 = DIRECTION('',(1.,0.,0.));
#2540 = ADVANCED_FACE('',(#2541),#2566,.T.);
#2541 = FACE_BOUND('',#2542,.T.);
#2542 = EDGE_LOOP('',(#2543,#2551,#2552,#2560));
#2543 = ORIENTED_EDGE('',*,*,#2544,.F.);
#2544 = EDGE_CURVE('',#282,#2545,#2547,.T.);
#2545 = VERTEX_POINT('',#2546);
#2546 = CARTESIAN_POINT('',(-24.85,21.65,16.9));
#2547 = LINE('',#2548,#2549);
#2548 = CARTESIAN_POINT('',(-24.85,19.65,16.9));
#2549 = VECTOR('',#2550,1.);
#2550 = DIRECTION('',(0.,1.,0.));
#2551 = ORIENTED_EDGE('',*,*,#290,.T.);
#2552 = ORIENTED_EDGE('',*,*,#2553,.F.);
#2553 = EDGE_CURVE('',#2554,#291,#2556,.T.);
#2554 = VERTEX_POINT('',#2555);
#2555 = CARTESIAN_POINT('',(-17.55581552044,21.65,16.9));
#2556 = LINE('',#2557,#2558);
#2557 = CARTESIAN_POINT('',(-17.55581552044,19.65,16.9));
#2558 = VECTOR('',#2559,1.);
#2559 = DIRECTION('',(0.,-1.,0.));
#2560 = ORIENTED_EDGE('',*,*,#2561,.F.);
#2561 = EDGE_CURVE('',#2545,#2554,#2562,.T.);
#2562 = LINE('',#2563,#2564);
#2563 = CARTESIAN_POINT('',(-33.3,21.65,16.9));
#2564 = VECTOR('',#2565,1.);
#2565 = DIRECTION('',(1.,0.,0.));
#2566 = PLANE('',#2567);
#2567 = AXIS2_PLACEMENT_3D('',#2568,#2569,#2570);
#2568 = CARTESIAN_POINT('',(-32.05,18.65,16.9));
#2569 = DIRECTION('',(0.,0.,1.));
#2570 = DIRECTION('',(1.,0.,0.));
#2571 = ADVANCED_FACE('',(#2572),#2584,.T.);
#2572 = FACE_BOUND('',#2573,.T.);
#2573 = EDGE_LOOP('',(#2574,#2575,#2582,#2583));
#2574 = ORIENTED_EDGE('',*,*,#2544,.T.);
#2575 = ORIENTED_EDGE('',*,*,#2576,.T.);
#2576 = EDGE_CURVE('',#2545,#2522,#2577,.T.);
#2577 = CIRCLE('',#2578,0.2);
#2578 = AXIS2_PLACEMENT_3D('',#2579,#2580,#2581);
#2579 = CARTESIAN_POINT('',(-25.05,21.65,16.9));
#2580 = DIRECTION('',(0.,-1.,0.));
#2581 = DIRECTION('',(0.,0.,-1.));
#2582 = ORIENTED_EDGE('',*,*,#2529,.F.);
#2583 = ORIENTED_EDGE('',*,*,#281,.F.);
#2584 = CYLINDRICAL_SURFACE('',#2585,0.2);
#2585 = AXIS2_PLACEMENT_3D('',#2586,#2587,#2588);
#2586 = CARTESIAN_POINT('',(-25.05,19.65,16.9));
#2587 = DIRECTION('',(0.,-1.,0.));
#2588 = DIRECTION('',(0.,0.,-1.));
#2589 = ADVANCED_FACE('',(#2590),#2609,.T.);
#2590 = FACE_BOUND('',#2591,.T.);
#2591 = EDGE_LOOP('',(#2592,#2593,#2601,#2608));
#2592 = ORIENTED_EDGE('',*,*,#298,.F.);
#2593 = ORIENTED_EDGE('',*,*,#2594,.T.);
#2594 = EDGE_CURVE('',#299,#2595,#2597,.T.);
#2595 = VERTEX_POINT('',#2596);
#2596 = CARTESIAN_POINT('',(-17.36141868512,21.65,18.566089965398));
#2597 = LINE('',#2598,#2599);
#2598 = CARTESIAN_POINT('',(-17.36141868512,19.65,18.566089965398));
#2599 = VECTOR('',#2600,1.);
#2600 = DIRECTION('',(0.,1.,0.));
#2601 = ORIENTED_EDGE('',*,*,#2602,.T.);
#2602 = EDGE_CURVE('',#2595,#2554,#2603,.T.);
#2603 = CIRCLE('',#2604,1.103125);
#2604 = AXIS2_PLACEMENT_3D('',#2605,#2606,#2607);
#2605 = CARTESIAN_POINT('',(-16.746875,21.65,17.65));
#2606 = DIRECTION('',(-0.,-1.,0.));
#2607 = DIRECTION('',(-0.557093425606,0.,0.83044982699));
#2608 = ORIENTED_EDGE('',*,*,#2553,.T.);
#2609 = CYLINDRICAL_SURFACE('',#2610,1.103125);
#2610 = AXIS2_PLACEMENT_3D('',#2611,#2612,#2613);
#2611 = CARTESIAN_POINT('',(-16.746875,19.65,17.65));
#2612 = DIRECTION('',(0.,-1.,0.));
#2613 = DIRECTION('',(-0.557093425606,0.,0.83044982699));
#2614 = ADVANCED_FACE('',(#2615),#2647,.F.);
#2615 = FACE_BOUND('',#2616,.F.);
#2616 = EDGE_LOOP('',(#2617,#2618,#2626,#2632,#2633,#2641));
#2617 = ORIENTED_EDGE('',*,*,#994,.F.);
#2618 = ORIENTED_EDGE('',*,*,#2619,.F.);
#2619 = EDGE_CURVE('',#2620,#987,#2622,.T.);
#2620 = VERTEX_POINT('',#2621);
#2621 = CARTESIAN_POINT('',(-28.05,21.65,21.6));
#2622 = LINE('',#2623,#2624);
#2623 = CARTESIAN_POINT('',(-28.05,19.65,21.6));
#2624 = VECTOR('',#2625,1.);
#2625 = DIRECTION('',(0.,-1.,0.));
#2626 = ORIENTED_EDGE('',*,*,#2627,.F.);
#2627 = EDGE_CURVE('',#2259,#2620,#2628,.T.);
#2628 = LINE('',#2629,#2630);
#2629 = CARTESIAN_POINT('',(-28.05,21.65,20.275));
#2630 = VECTOR('',#2631,1.);
#2631 = DIRECTION('',(0.,0.,1.));
#2632 = ORIENTED_EDGE('',*,*,#2258,.T.);
#2633 = ORIENTED_EDGE('',*,*,#2634,.T.);
#2634 = EDGE_CURVE('',#2261,#2635,#2637,.T.);
#2635 = VERTEX_POINT('',#2636);
#2636 = CARTESIAN_POINT('',(-28.05,26.15,24.1));
#2637 = LINE('',#2638,#2639);
#2638 = CARTESIAN_POINT('',(-28.05,26.15,21.4));
#2639 = VECTOR('',#2640,1.);
#2640 = DIRECTION('',(0.,0.,1.));
#2641 = ORIENTED_EDGE('',*,*,#2642,.F.);
#2642 = EDGE_CURVE('',#995,#2635,#2643,.T.);
#2643 = LINE('',#2644,#2645);
#2644 = CARTESIAN_POINT('',(-28.05,19.65,24.1));
#2645 = VECTOR('',#2646,1.);
#2646 = DIRECTION('',(0.,1.,0.));
#2647 = PLANE('',#2648);
#2648 = AXIS2_PLACEMENT_3D('',#2649,#2650,#2651);
#2649 = CARTESIAN_POINT('',(-28.05,19.65,21.4));
#2650 = DIRECTION('',(1.,0.,0.));
#2651 = DIRECTION('',(0.,0.,1.));
#2652 = ADVANCED_FACE('',(#2653),#2678,.F.);
#2653 = FACE_BOUND('',#2654,.F.);
#2654 = EDGE_LOOP('',(#2655,#2663,#2664,#2672));
#2655 = ORIENTED_EDGE('',*,*,#2656,.F.);
#2656 = EDGE_CURVE('',#899,#2657,#2659,.T.);
#2657 = VERTEX_POINT('',#2658);
#2658 = CARTESIAN_POINT('',(-32.05,21.65,25.1));
#2659 = LINE('',#2660,#2661);
#2660 = CARTESIAN_POINT('',(-32.05,18.65,25.1));
#2661 = VECTOR('',#2662,1.);
#2662 = DIRECTION('',(0.,1.,0.));
#2663 = ORIENTED_EDGE('',*,*,#1053,.T.);
#2664 = ORIENTED_EDGE('',*,*,#2665,.T.);
#2665 = EDGE_CURVE('',#1045,#2666,#2668,.T.);
#2666 = VERTEX_POINT('',#2667);
#2667 = CARTESIAN_POINT('',(-25.25,21.65,25.1));
#2668 = LINE('',#2669,#2670);
#2669 = CARTESIAN_POINT('',(-25.25,19.65,25.1));
#2670 = VECTOR('',#2671,1.);
#2671 = DIRECTION('',(0.,1.,0.));
#2672 = ORIENTED_EDGE('',*,*,#2673,.F.);
#2673 = EDGE_CURVE('',#2657,#2666,#2674,.T.);
#2674 = LINE('',#2675,#2676);
#2675 = CARTESIAN_POINT('',(-33.3,21.65,25.1));
#2676 = VECTOR('',#2677,1.);
#2677 = DIRECTION('',(1.,0.,0.));
#2678 = PLANE('',#2679);
#2679 = AXIS2_PLACEMENT_3D('',#2680,#2681,#2682);
#2680 = CARTESIAN_POINT('',(-32.05,18.65,25.1));
#2681 = DIRECTION('',(0.,0.,1.));
#2682 = DIRECTION('',(1.,0.,0.));
#2683 = ADVANCED_FACE('',(#2684),#2702,.T.);
#2684 = FACE_BOUND('',#2685,.T.);
#2685 = EDGE_LOOP('',(#2686,#2687,#2688,#2696));
#2686 = ORIENTED_EDGE('',*,*,#2656,.F.);
#2687 = ORIENTED_EDGE('',*,*,#898,.T.);
#2688 = ORIENTED_EDGE('',*,*,#2689,.T.);
#2689 = EDGE_CURVE('',#901,#2690,#2692,.T.);
#2690 = VERTEX_POINT('',#2691);
#2691 = CARTESIAN_POINT('',(-32.05,21.65,16.9));
#2692 = LINE('',#2693,#2694);
#2693 = CARTESIAN_POINT('',(-32.05,18.65,16.9));
#2694 = VECTOR('',#2695,1.);
#2695 = DIRECTION('',(0.,1.,0.));
#2696 = ORIENTED_EDGE('',*,*,#2697,.F.);
#2697 = EDGE_CURVE('',#2657,#2690,#2698,.T.);
#2698 = LINE('',#2699,#2700);
#2699 = CARTESIAN_POINT('',(-32.05,21.65,16.15));
#2700 = VECTOR('',#2701,1.);
#2701 = DIRECTION('',(0.,0.,-1.));
#2702 = PLANE('',#2703);
#2703 = AXIS2_PLACEMENT_3D('',#2704,#2705,#2706);
#2704 = CARTESIAN_POINT('',(-32.05,18.65,16.9));
#2705 = DIRECTION('',(1.,0.,0.));
#2706 = DIRECTION('',(0.,0.,1.));
#2707 = ADVANCED_FACE('',(#2708),#2726,.T.);
#2708 = FACE_BOUND('',#2709,.T.);
#2709 = EDGE_LOOP('',(#2710,#2711,#2712,#2720));
#2710 = ORIENTED_EDGE('',*,*,#2689,.F.);
#2711 = ORIENTED_EDGE('',*,*,#908,.T.);
#2712 = ORIENTED_EDGE('',*,*,#2713,.F.);
#2713 = EDGE_CURVE('',#2714,#909,#2716,.T.);
#2714 = VERTEX_POINT('',#2715);
#2715 = CARTESIAN_POINT('',(-28.55581552044,21.65,16.9));
#2716 = LINE('',#2717,#2718);
#2717 = CARTESIAN_POINT('',(-28.55581552044,19.65,16.9));
#2718 = VECTOR('',#2719,1.);
#2719 = DIRECTION('',(0.,-1.,0.));
#2720 = ORIENTED_EDGE('',*,*,#2721,.F.);
#2721 = EDGE_CURVE('',#2690,#2714,#2722,.T.);
#2722 = LINE('',#2723,#2724);
#2723 = CARTESIAN_POINT('',(-33.3,21.65,16.9));
#2724 = VECTOR('',#2725,1.);
#2725 = DIRECTION('',(1.,0.,0.));
#2726 = PLANE('',#2727);
#2727 = AXIS2_PLACEMENT_3D('',#2728,#2729,#2730);
#2728 = CARTESIAN_POINT('',(-32.05,18.65,16.9));
#2729 = DIRECTION('',(0.,0.,1.));
#2730 = DIRECTION('',(1.,0.,0.));
#2731 = ADVANCED_FACE('',(#2732),#2751,.T.);
#2732 = FACE_BOUND('',#2733,.T.);
#2733 = EDGE_LOOP('',(#2734,#2735,#2744,#2750));
#2734 = ORIENTED_EDGE('',*,*,#2665,.T.);
#2735 = ORIENTED_EDGE('',*,*,#2736,.T.);
#2736 = EDGE_CURVE('',#2666,#2737,#2739,.T.);
#2737 = VERTEX_POINT('',#2738);
#2738 = CARTESIAN_POINT('',(-25.05,21.65,24.9));
#2739 = CIRCLE('',#2740,0.2);
#2740 = AXIS2_PLACEMENT_3D('',#2741,#2742,#2743);
#2741 = CARTESIAN_POINT('',(-25.05,21.65,25.1));
#2742 = DIRECTION('',(0.,-1.,0.));
#2743 = DIRECTION('',(0.,0.,1.));
#2744 = ORIENTED_EDGE('',*,*,#2745,.F.);
#2745 = EDGE_CURVE('',#1037,#2737,#2746,.T.);
#2746 = LINE('',#2747,#2748);
#2747 = CARTESIAN_POINT('',(-25.05,19.65,24.9));
#2748 = VECTOR('',#2749,1.);
#2749 = DIRECTION('',(0.,1.,0.));
#2750 = ORIENTED_EDGE('',*,*,#1044,.F.);
#2751 = CYLINDRICAL_SURFACE('',#2752,0.2);
#2752 = AXIS2_PLACEMENT_3D('',#2753,#2754,#2755);
#2753 = CARTESIAN_POINT('',(-25.05,19.65,25.1));
#2754 = DIRECTION('',(0.,-1.,0.));
#2755 = DIRECTION('',(0.,0.,1.));
#2756 = ADVANCED_FACE('',(#2757),#2776,.T.);
#2757 = FACE_BOUND('',#2758,.T.);
#2758 = EDGE_LOOP('',(#2759,#2760,#2768,#2775));
#2759 = ORIENTED_EDGE('',*,*,#916,.F.);
#2760 = ORIENTED_EDGE('',*,*,#2761,.T.);
#2761 = EDGE_CURVE('',#917,#2762,#2764,.T.);
#2762 = VERTEX_POINT('',#2763);
#2763 = CARTESIAN_POINT('',(-28.36141868512,21.65,18.566089965398));
#2764 = LINE('',#2765,#2766);
#2765 = CARTESIAN_POINT('',(-28.36141868512,19.65,18.566089965398));
#2766 = VECTOR('',#2767,1.);
#2767 = DIRECTION('',(0.,1.,0.));
#2768 = ORIENTED_EDGE('',*,*,#2769,.T.);
#2769 = EDGE_CURVE('',#2762,#2714,#2770,.T.);
#2770 = CIRCLE('',#2771,1.103125);
#2771 = AXIS2_PLACEMENT_3D('',#2772,#2773,#2774);
#2772 = CARTESIAN_POINT('',(-27.746875,21.65,17.65));
#2773 = DIRECTION('',(-0.,-1.,0.));
#2774 = DIRECTION('',(-0.557093425606,0.,0.83044982699));
#2775 = ORIENTED_EDGE('',*,*,#2713,.T.);
#2776 = CYLINDRICAL_SURFACE('',#2777,1.103125);
#2777 = AXIS2_PLACEMENT_3D('',#2778,#2779,#2780);
#2778 = CARTESIAN_POINT('',(-27.746875,19.65,17.65));
#2779 = DIRECTION('',(0.,-1.,0.));
#2780 = DIRECTION('',(-0.557093425606,0.,0.83044982699));
#2781 = ADVANCED_FACE('',(#2782),#2800,.F.);
#2782 = FACE_BOUND('',#2783,.F.);
#2783 = EDGE_LOOP('',(#2784,#2792,#2798,#2799));
#2784 = ORIENTED_EDGE('',*,*,#2785,.T.);
#2785 = EDGE_CURVE('',#1028,#2786,#2788,.T.);
#2786 = VERTEX_POINT('',#2787);
#2787 = CARTESIAN_POINT('',(-21.875,21.65,24.9));
#2788 = LINE('',#2789,#2790);
#2789 = CARTESIAN_POINT('',(-21.875,19.65,24.9));
#2790 = VECTOR('',#2791,1.);
#2791 = DIRECTION('',(0.,1.,0.));
#2792 = ORIENTED_EDGE('',*,*,#2793,.T.);
#2793 = EDGE_CURVE('',#2786,#2737,#2794,.T.);
#2794 = LINE('',#2795,#2796);
#2795 = CARTESIAN_POINT('',(-21.85,21.65,24.9));
#2796 = VECTOR('',#2797,1.);
#2797 = DIRECTION('',(-1.,0.,0.));
#2798 = ORIENTED_EDGE('',*,*,#2745,.F.);
#2799 = ORIENTED_EDGE('',*,*,#1036,.F.);
#2800 = PLANE('',#2801);
#2801 = AXIS2_PLACEMENT_3D('',#2802,#2803,#2804);
#2802 = CARTESIAN_POINT('',(-21.875,19.65,24.9));
#2803 = DIRECTION('',(0.,0.,1.));
#2804 = DIRECTION('',(-1.,0.,0.));
#2805 = ADVANCED_FACE('',(#2806),#2825,.T.);
#2806 = FACE_BOUND('',#2807,.T.);
#2807 = EDGE_LOOP('',(#2808,#2816,#2823,#2824));
#2808 = ORIENTED_EDGE('',*,*,#2809,.T.);
#2809 = EDGE_CURVE('',#926,#2810,#2812,.T.);
#2810 = VERTEX_POINT('',#2811);
#2811 = CARTESIAN_POINT('',(-28.25,21.65,18.6));
#2812 = LINE('',#2813,#2814);
#2813 = CARTESIAN_POINT('',(-28.25,19.65,18.6));
#2814 = VECTOR('',#2815,1.);
#2815 = DIRECTION('',(0.,1.,0.));
#2816 = ORIENTED_EDGE('',*,*,#2817,.T.);
#2817 = EDGE_CURVE('',#2810,#2762,#2818,.T.);
#2818 = CIRCLE('',#2819,0.2);
#2819 = AXIS2_PLACEMENT_3D('',#2820,#2821,#2822);
#2820 = CARTESIAN_POINT('',(-28.25,21.65,18.4));
#2821 = DIRECTION('',(0.,-1.,0.));
#2822 = DIRECTION('',(1.,0.,0.));
#2823 = ORIENTED_EDGE('',*,*,#2761,.F.);
#2824 = ORIENTED_EDGE('',*,*,#925,.F.);
#2825 = CYLINDRICAL_SURFACE('',#2826,0.2);
#2826 = AXIS2_PLACEMENT_3D('',#2827,#2828,#2829);
#2827 = CARTESIAN_POINT('',(-28.25,19.65,18.4));
#2828 = DIRECTION('',(0.,-1.,0.));
#2829 = DIRECTION('',(1.,0.,0.));
#2830 = ADVANCED_FACE('',(#2831),#2849,.T.);
#2831 = FACE_BOUND('',#2832,.T.);
#2832 = EDGE_LOOP('',(#2833,#2841,#2847,#2848));
#2833 = ORIENTED_EDGE('',*,*,#2834,.T.);
#2834 = EDGE_CURVE('',#935,#2835,#2837,.T.);
#2835 = VERTEX_POINT('',#2836);
#2836 = CARTESIAN_POINT('',(-21.91507846637,21.65,18.6));
#2837 = LINE('',#2838,#2839);
#2838 = CARTESIAN_POINT('',(-21.91507846637,19.65,18.6));
#2839 = VECTOR('',#2840,1.);
#2840 = DIRECTION('',(0.,1.,0.));
#2841 = ORIENTED_EDGE('',*,*,#2842,.T.);
#2842 = EDGE_CURVE('',#2835,#2810,#2843,.T.);
#2843 = LINE('',#2844,#2845);
#2844 = CARTESIAN_POINT('',(-21.85,21.65,18.6));
#2845 = VECTOR('',#2846,1.);
#2846 = DIRECTION('',(-1.,0.,0.));
#2847 = ORIENTED_EDGE('',*,*,#2809,.F.);
#2848 = ORIENTED_EDGE('',*,*,#934,.F.);
#2849 = PLANE('',#2850);
#2850 = AXIS2_PLACEMENT_3D('',#2851,#2852,#2853);
#2851 = CARTESIAN_POINT('',(-21.91507846637,19.65,18.6));
#2852 = DIRECTION('',(0.,0.,1.));
#2853 = DIRECTION('',(-1.,0.,0.));
#2854 = ADVANCED_FACE('',(#2855),#2874,.F.);
#2855 = FACE_BOUND('',#2856,.T.);
#2856 = EDGE_LOOP('',(#2857,#2865,#2872,#2873));
#2857 = ORIENTED_EDGE('',*,*,#2858,.T.);
#2858 = EDGE_CURVE('',#943,#2859,#2861,.T.);
#2859 = VERTEX_POINT('',#2860);
#2860 = CARTESIAN_POINT('',(-21.91507846637,21.65,19.7));
#2861 = LINE('',#2862,#2863);
#2862 = CARTESIAN_POINT('',(-21.91507846637,19.65,19.7));
#2863 = VECTOR('',#2864,1.);
#2864 = DIRECTION('',(0.,1.,0.));
#2865 = ORIENTED_EDGE('',*,*,#2866,.T.);
#2866 = EDGE_CURVE('',#2859,#2835,#2867,.T.);
#2867 = CIRCLE('',#2868,0.703125);
#2868 = AXIS2_PLACEMENT_3D('',#2869,#2870,#2871);
#2869 = CARTESIAN_POINT('',(-22.353125,21.65,19.15));
#2870 = DIRECTION('',(-0.,1.,0.));
#2871 = DIRECTION('',(0.557093425606,0.,0.83044982699));
#2872 = ORIENTED_EDGE('',*,*,#2834,.F.);
#2873 = ORIENTED_EDGE('',*,*,#942,.F.);
#2874 = CYLINDRICAL_SURFACE('',#2875,0.703125);
#2875 = AXIS2_PLACEMENT_3D('',#2876,#2877,#2878);
#2876 = CARTESIAN_POINT('',(-22.353125,19.65,19.15));
#2877 = DIRECTION('',(0.,-1.,0.));
#2878 = DIRECTION('',(0.557093425606,0.,0.83044982699));
#2879 = ADVANCED_FACE('',(#2880),#2898,.T.);
#2880 = FACE_BOUND('',#2881,.T.);
#2881 = EDGE_LOOP('',(#2882,#2890,#2896,#2897));
#2882 = ORIENTED_EDGE('',*,*,#2883,.T.);
#2883 = EDGE_CURVE('',#952,#2884,#2886,.T.);
#2884 = VERTEX_POINT('',#2885);
#2885 = CARTESIAN_POINT('',(-28.25,21.65,19.7));
#2886 = LINE('',#2887,#2888);
#2887 = CARTESIAN_POINT('',(-28.25,19.65,19.7));
#2888 = VECTOR('',#2889,1.);
#2889 = DIRECTION('',(0.,1.,0.));
#2890 = ORIENTED_EDGE('',*,*,#2891,.T.);
#2891 = EDGE_CURVE('',#2884,#2859,#2892,.T.);
#2892 = LINE('',#2893,#2894);
#2893 = CARTESIAN_POINT('',(-28.25,21.65,19.7));
#2894 = VECTOR('',#2895,1.);
#2895 = DIRECTION('',(1.,0.,0.));
#2896 = ORIENTED_EDGE('',*,*,#2858,.F.);
#2897 = ORIENTED_EDGE('',*,*,#951,.F.);
#2898 = PLANE('',#2899);
#2899 = AXIS2_PLACEMENT_3D('',#2900,#2901,#2902);
#2900 = CARTESIAN_POINT('',(-28.25,19.65,19.7));
#2901 = DIRECTION('',(0.,0.,-1.));
#2902 = DIRECTION('',(1.,0.,0.));
#2903 = ADVANCED_FACE('',(#2904),#2923,.T.);
#2904 = FACE_BOUND('',#2905,.T.);
#2905 = EDGE_LOOP('',(#2906,#2914,#2921,#2922));
#2906 = ORIENTED_EDGE('',*,*,#2907,.T.);
#2907 = EDGE_CURVE('',#960,#2908,#2910,.T.);
#2908 = VERTEX_POINT('',#2909);
#2909 = CARTESIAN_POINT('',(-28.36141868512,21.65,19.733910034602));
#2910 = LINE('',#2911,#2912);
#2911 = CARTESIAN_POINT('',(-28.36141868512,19.65,19.733910034602));
#2912 = VECTOR('',#2913,1.);
#2913 = DIRECTION('',(0.,1.,0.));
#2914 = ORIENTED_EDGE('',*,*,#2915,.T.);
#2915 = EDGE_CURVE('',#2908,#2884,#2916,.T.);
#2916 = CIRCLE('',#2917,0.2);
#2917 = AXIS2_PLACEMENT_3D('',#2918,#2919,#2920);
#2918 = CARTESIAN_POINT('',(-28.25,21.65,19.9));
#2919 = DIRECTION('',(-0.,-1.,0.));
#2920 = DIRECTION('',(-0.83044982699,0.,0.557093425606));
#2921 = ORIENTED_EDGE('',*,*,#2883,.F.);
#2922 = ORIENTED_EDGE('',*,*,#959,.F.);
#2923 = CYLINDRICAL_SURFACE('',#2924,0.2);
#2924 = AXIS2_PLACEMENT_3D('',#2925,#2926,#2927);
#2925 = CARTESIAN_POINT('',(-28.25,19.65,19.9));
#2926 = DIRECTION('',(0.,-1.,0.));
#2927 = DIRECTION('',(-0.83044982699,0.,0.557093425606));
#2928 = ADVANCED_FACE('',(#2929),#2948,.T.);
#2929 = FACE_BOUND('',#2930,.T.);
#2930 = EDGE_LOOP('',(#2931,#2939,#2946,#2947));
#2931 = ORIENTED_EDGE('',*,*,#2932,.T.);
#2932 = EDGE_CURVE('',#969,#2933,#2935,.T.);
#2933 = VERTEX_POINT('',#2934);
#2934 = CARTESIAN_POINT('',(-28.36141868512,21.65,21.566089965398));
#2935 = LINE('',#2936,#2937);
#2936 = CARTESIAN_POINT('',(-28.36141868512,19.65,21.566089965398));
#2937 = VECTOR('',#2938,1.);
#2938 = DIRECTION('',(0.,1.,0.));
#2939 = ORIENTED_EDGE('',*,*,#2940,.T.);
#2940 = EDGE_CURVE('',#2933,#2908,#2941,.T.);
#2941 = CIRCLE('',#2942,1.103125);
#2942 = AXIS2_PLACEMENT_3D('',#2943,#2944,#2945);
#2943 = CARTESIAN_POINT('',(-27.746875,21.65,20.65));
#2944 = DIRECTION('',(-0.,-1.,0.));
#2945 = DIRECTION('',(-0.557093425606,0.,0.83044982699));
#2946 = ORIENTED_EDGE('',*,*,#2907,.F.);
#2947 = ORIENTED_EDGE('',*,*,#968,.F.);
#2948 = CYLINDRICAL_SURFACE('',#2949,1.103125);
#2949 = AXIS2_PLACEMENT_3D('',#2950,#2951,#2952);
#2950 = CARTESIAN_POINT('',(-27.746875,19.65,20.65));
#2951 = DIRECTION('',(0.,-1.,0.));
#2952 = DIRECTION('',(-0.557093425606,0.,0.83044982699));
#2953 = ADVANCED_FACE('',(#2954),#2973,.T.);
#2954 = FACE_BOUND('',#2955,.T.);
#2955 = EDGE_LOOP('',(#2956,#2964,#2971,#2972));
#2956 = ORIENTED_EDGE('',*,*,#2957,.T.);
#2957 = EDGE_CURVE('',#978,#2958,#2960,.T.);
#2958 = VERTEX_POINT('',#2959);
#2959 = CARTESIAN_POINT('',(-28.25,21.65,21.6));
#2960 = LINE('',#2961,#2962);
#2961 = CARTESIAN_POINT('',(-28.25,19.65,21.6));
#2962 = VECTOR('',#2963,1.);
#2963 = DIRECTION('',(0.,1.,0.));
#2964 = ORIENTED_EDGE('',*,*,#2965,.T.);
#2965 = EDGE_CURVE('',#2958,#2933,#2966,.T.);
#2966 = CIRCLE('',#2967,0.2);
#2967 = AXIS2_PLACEMENT_3D('',#2968,#2969,#2970);
#2968 = CARTESIAN_POINT('',(-28.25,21.65,21.4));
#2969 = DIRECTION('',(0.,-1.,0.));
#2970 = DIRECTION('',(1.,0.,0.));
#2971 = ORIENTED_EDGE('',*,*,#2932,.F.);
#2972 = ORIENTED_EDGE('',*,*,#977,.F.);
#2973 = CYLINDRICAL_SURFACE('',#2974,0.2);
#2974 = AXIS2_PLACEMENT_3D('',#2975,#2976,#2977);
#2975 = CARTESIAN_POINT('',(-28.25,19.65,21.4));
#2976 = DIRECTION('',(0.,-1.,0.));
#2977 = DIRECTION('',(1.,0.,0.));
#2978 = ADVANCED_FACE('',(#2979),#2990,.T.);
#2979 = FACE_BOUND('',#2980,.T.);
#2980 = EDGE_LOOP('',(#2981,#2982,#2983,#2989));
#2981 = ORIENTED_EDGE('',*,*,#986,.F.);
#2982 = ORIENTED_EDGE('',*,*,#2619,.F.);
#2983 = ORIENTED_EDGE('',*,*,#2984,.T.);
#2984 = EDGE_CURVE('',#2620,#2958,#2985,.T.);
#2985 = LINE('',#2986,#2987);
#2986 = CARTESIAN_POINT('',(-25.05,21.65,21.6));
#2987 = VECTOR('',#2988,1.);
#2988 = DIRECTION('',(-1.,0.,0.));
#2989 = ORIENTED_EDGE('',*,*,#2957,.F.);
#2990 = PLANE('',#2991);
#2991 = AXIS2_PLACEMENT_3D('',#2992,#2993,#2994);
#2992 = CARTESIAN_POINT('',(-25.25,19.65,21.6));
#2993 = DIRECTION('',(0.,0.,1.));
#2994 = DIRECTION('',(-1.,0.,0.));
#2995 = ADVANCED_FACE('',(#2996),#3021,.T.);
#2996 = FACE_BOUND('',#2997,.T.);
#2997 = EDGE_LOOP('',(#2998,#3004,#3005,#3006,#3014,#3020));
#2998 = ORIENTED_EDGE('',*,*,#2999,.F.);
#2999 = EDGE_CURVE('',#2635,#2228,#3000,.T.);
#3000 = LINE('',#3001,#3002);
#3001 = CARTESIAN_POINT('',(-28.05,26.15,24.1));
#3002 = VECTOR('',#3003,1.);
#3003 = DIRECTION('',(1.,0.,0.));
#3004 = ORIENTED_EDGE('',*,*,#2642,.F.);
#3005 = ORIENTED_EDGE('',*,*,#1002,.T.);
#3006 = ORIENTED_EDGE('',*,*,#3007,.T.);
#3007 = EDGE_CURVE('',#1003,#3008,#3010,.T.);
#3008 = VERTEX_POINT('',#3009);
#3009 = CARTESIAN_POINT('',(-25.25,21.65,24.1));
#3010 = LINE('',#3011,#3012);
#3011 = CARTESIAN_POINT('',(-25.25,19.65,24.1));
#3012 = VECTOR('',#3013,1.);
#3013 = DIRECTION('',(0.,1.,0.));
#3014 = ORIENTED_EDGE('',*,*,#3015,.F.);
#3015 = EDGE_CURVE('',#2236,#3008,#3016,.T.);
#3016 = LINE('',#3017,#3018);
#3017 = CARTESIAN_POINT('',(-25.67115921613,21.65,24.1));
#3018 = VECTOR('',#3019,1.);
#3019 = DIRECTION('',(-1.,0.,0.));
#3020 = ORIENTED_EDGE('',*,*,#2235,.T.);
#3021 = PLANE('',#3022);
#3022 = AXIS2_PLACEMENT_3D('',#3023,#3024,#3025);
#3023 = CARTESIAN_POINT('',(-28.05,19.65,24.1));
#3024 = DIRECTION('',(0.,0.,1.));
#3025 = DIRECTION('',(1.,0.,0.));
#3026 = ADVANCED_FACE('',(#3027),#3046,.T.);
#3027 = FACE_BOUND('',#3028,.T.);
#3028 = EDGE_LOOP('',(#3029,#3037,#3044,#3045));
#3029 = ORIENTED_EDGE('',*,*,#3030,.T.);
#3030 = EDGE_CURVE('',#1011,#3031,#3033,.T.);
#3031 = VERTEX_POINT('',#3032);
#3032 = CARTESIAN_POINT('',(-25.05,21.65,24.3));
#3033 = LINE('',#3034,#3035);
#3034 = CARTESIAN_POINT('',(-25.05,19.65,24.3));
#3035 = VECTOR('',#3036,1.);
#3036 = DIRECTION('',(0.,1.,0.));
#3037 = ORIENTED_EDGE('',*,*,#3038,.T.);
#3038 = EDGE_CURVE('',#3031,#3008,#3039,.T.);
#3039 = CIRCLE('',#3040,0.2);
#3040 = AXIS2_PLACEMENT_3D('',#3041,#3042,#3043);
#3041 = CARTESIAN_POINT('',(-25.05,21.65,24.1));
#3042 = DIRECTION('',(0.,-1.,0.));
#3043 = DIRECTION('',(1.,0.,0.));
#3044 = ORIENTED_EDGE('',*,*,#3007,.F.);
#3045 = ORIENTED_EDGE('',*,*,#1010,.F.);
#3046 = CYLINDRICAL_SURFACE('',#3047,0.2);
#3047 = AXIS2_PLACEMENT_3D('',#3048,#3049,#3050);
#3048 = CARTESIAN_POINT('',(-25.05,19.65,24.1));
#3049 = DIRECTION('',(0.,-1.,0.));
#3050 = DIRECTION('',(1.,0.,0.));
#3051 = ADVANCED_FACE('',(#3052),#3070,.F.);
#3052 = FACE_BOUND('',#3053,.F.);
#3053 = EDGE_LOOP('',(#3054,#3055,#3063,#3069));
#3054 = ORIENTED_EDGE('',*,*,#3030,.T.);
#3055 = ORIENTED_EDGE('',*,*,#3056,.T.);
#3056 = EDGE_CURVE('',#3031,#3057,#3059,.T.);
#3057 = VERTEX_POINT('',#3058);
#3058 = CARTESIAN_POINT('',(-21.875,21.65,24.3));
#3059 = LINE('',#3060,#3061);
#3060 = CARTESIAN_POINT('',(-25.05,21.65,24.3));
#3061 = VECTOR('',#3062,1.);
#3062 = DIRECTION('',(1.,0.,0.));
#3063 = ORIENTED_EDGE('',*,*,#3064,.F.);
#3064 = EDGE_CURVE('',#1020,#3057,#3065,.T.);
#3065 = LINE('',#3066,#3067);
#3066 = CARTESIAN_POINT('',(-21.875,19.65,24.3));
#3067 = VECTOR('',#3068,1.);
#3068 = DIRECTION('',(0.,1.,0.));
#3069 = ORIENTED_EDGE('',*,*,#1019,.F.);
#3070 = PLANE('',#3071);
#3071 = AXIS2_PLACEMENT_3D('',#3072,#3073,#3074);
#3072 = CARTESIAN_POINT('',(-25.05,19.65,24.3));
#3073 = DIRECTION('',(0.,0.,-1.));
#3074 = DIRECTION('',(1.,0.,0.));
#3075 = ADVANCED_FACE('',(#3076),#3088,.F.);
#3076 = FACE_BOUND('',#3077,.F.);
#3077 = EDGE_LOOP('',(#3078,#3079,#3086,#3087));
#3078 = ORIENTED_EDGE('',*,*,#3064,.T.);
#3079 = ORIENTED_EDGE('',*,*,#3080,.T.);
#3080 = EDGE_CURVE('',#3057,#2786,#3081,.T.);
#3081 = CIRCLE('',#3082,0.3125);
#3082 = AXIS2_PLACEMENT_3D('',#3083,#3084,#3085);
#3083 = CARTESIAN_POINT('',(-21.9625,21.65,24.6));
#3084 = DIRECTION('',(0.,-1.,0.));
#3085 = DIRECTION('',(0.219512195122,0.,-0.975609756098));
#3086 = ORIENTED_EDGE('',*,*,#2785,.F.);
#3087 = ORIENTED_EDGE('',*,*,#1027,.F.);
#3088 = CYLINDRICAL_SURFACE('',#3089,0.3125);
#3089 = AXIS2_PLACEMENT_3D('',#3090,#3091,#3092);
#3090 = CARTESIAN_POINT('',(-21.9625,19.65,24.6));
#3091 = DIRECTION('',(0.,-1.,0.));
#3092 = DIRECTION('',(0.219512195122,0.,-0.975609756098));
#3093 = ADVANCED_FACE('',(#3094),#3112,.F.);
#3094 = FACE_BOUND('',#3095,.F.);
#3095 = EDGE_LOOP('',(#3096,#3104,#3110,#3111));
#3096 = ORIENTED_EDGE('',*,*,#3097,.T.);
#3097 = EDGE_CURVE('',#410,#3098,#3100,.T.);
#3098 = VERTEX_POINT('',#3099);
#3099 = CARTESIAN_POINT('',(-10.875,21.65,24.9));
#3100 = LINE('',#3101,#3102);
#3101 = CARTESIAN_POINT('',(-10.875,19.65,24.9));
#3102 = VECTOR('',#3103,1.);
#3103 = DIRECTION('',(0.,1.,0.));
#3104 = ORIENTED_EDGE('',*,*,#3105,.T.);
#3105 = EDGE_CURVE('',#3098,#2121,#3106,.T.);
#3106 = LINE('',#3107,#3108);
#3107 = CARTESIAN_POINT('',(-10.85,21.65,24.9));
#3108 = VECTOR('',#3109,1.);
#3109 = DIRECTION('',(-1.,0.,0.));
#3110 = ORIENTED_EDGE('',*,*,#2129,.F.);
#3111 = ORIENTED_EDGE('',*,*,#418,.F.);
#3112 = PLANE('',#3113);
#3113 = AXIS2_PLACEMENT_3D('',#3114,#3115,#3116);
#3114 = CARTESIAN_POINT('',(-10.875,19.65,24.9));
#3115 = DIRECTION('',(0.,0.,1.));
#3116 = DIRECTION('',(-1.,0.,0.));
#3117 = ADVANCED_FACE('',(#3118),#3137,.T.);
#3118 = FACE_BOUND('',#3119,.T.);
#3119 = EDGE_LOOP('',(#3120,#3128,#3135,#3136));
#3120 = ORIENTED_EDGE('',*,*,#3121,.T.);
#3121 = EDGE_CURVE('',#308,#3122,#3124,.T.);
#3122 = VERTEX_POINT('',#3123);
#3123 = CARTESIAN_POINT('',(-17.25,21.65,18.6));
#3124 = LINE('',#3125,#3126);
#3125 = CARTESIAN_POINT('',(-17.25,19.65,18.6));
#3126 = VECTOR('',#3127,1.);
#3127 = DIRECTION('',(0.,1.,0.));
#3128 = ORIENTED_EDGE('',*,*,#3129,.T.);
#3129 = EDGE_CURVE('',#3122,#2595,#3130,.T.);
#3130 = CIRCLE('',#3131,0.2);
#3131 = AXIS2_PLACEMENT_3D('',#3132,#3133,#3134);
#3132 = CARTESIAN_POINT('',(-17.25,21.65,18.4));
#3133 = DIRECTION('',(0.,-1.,0.));
#3134 = DIRECTION('',(1.,0.,0.));
#3135 = ORIENTED_EDGE('',*,*,#2594,.F.);
#3136 = ORIENTED_EDGE('',*,*,#307,.F.);
#3137 = CYLINDRICAL_SURFACE('',#3138,0.2);
#3138 = AXIS2_PLACEMENT_3D('',#3139,#3140,#3141);
#3139 = CARTESIAN_POINT('',(-17.25,19.65,18.4));
#3140 = DIRECTION('',(0.,-1.,0.));
#3141 = DIRECTION('',(1.,0.,0.));
#3142 = ADVANCED_FACE('',(#3143),#3161,.T.);
#3143 = FACE_BOUND('',#3144,.T.);
#3144 = EDGE_LOOP('',(#3145,#3153,#3159,#3160));
#3145 = ORIENTED_EDGE('',*,*,#3146,.T.);
#3146 = EDGE_CURVE('',#317,#3147,#3149,.T.);
#3147 = VERTEX_POINT('',#3148);
#3148 = CARTESIAN_POINT('',(-10.91507846637,21.65,18.6));
#3149 = LINE('',#3150,#3151);
#3150 = CARTESIAN_POINT('',(-10.91507846637,19.65,18.6));
#3151 = VECTOR('',#3152,1.);
#3152 = DIRECTION('',(0.,1.,0.));
#3153 = ORIENTED_EDGE('',*,*,#3154,.T.);
#3154 = EDGE_CURVE('',#3147,#3122,#3155,.T.);
#3155 = LINE('',#3156,#3157);
#3156 = CARTESIAN_POINT('',(-10.85,21.65,18.6));
#3157 = VECTOR('',#3158,1.);
#3158 = DIRECTION('',(-1.,0.,0.));
#3159 = ORIENTED_EDGE('',*,*,#3121,.F.);
#3160 = ORIENTED_EDGE('',*,*,#316,.F.);
#3161 = PLANE('',#3162);
#3162 = AXIS2_PLACEMENT_3D('',#3163,#3164,#3165);
#3163 = CARTESIAN_POINT('',(-10.91507846637,19.65,18.6));
#3164 = DIRECTION('',(0.,0.,1.));
#3165 = DIRECTION('',(-1.,0.,0.));
#3166 = ADVANCED_FACE('',(#3167),#3186,.F.);
#3167 = FACE_BOUND('',#3168,.T.);
#3168 = EDGE_LOOP('',(#3169,#3177,#3184,#3185));
#3169 = ORIENTED_EDGE('',*,*,#3170,.T.);
#3170 = EDGE_CURVE('',#325,#3171,#3173,.T.);
#3171 = VERTEX_POINT('',#3172);
#3172 = CARTESIAN_POINT('',(-10.91507846637,21.65,19.7));
#3173 = LINE('',#3174,#3175);
#3174 = CARTESIAN_POINT('',(-10.91507846637,19.65,19.7));
#3175 = VECTOR('',#3176,1.);
#3176 = DIRECTION('',(0.,1.,0.));
#3177 = ORIENTED_EDGE('',*,*,#3178,.T.);
#3178 = EDGE_CURVE('',#3171,#3147,#3179,.T.);
#3179 = CIRCLE('',#3180,0.703125);
#3180 = AXIS2_PLACEMENT_3D('',#3181,#3182,#3183);
#3181 = CARTESIAN_POINT('',(-11.353125,21.65,19.15));
#3182 = DIRECTION('',(-0.,1.,0.));
#3183 = DIRECTION('',(0.557093425606,0.,0.83044982699));
#3184 = ORIENTED_EDGE('',*,*,#3146,.F.);
#3185 = ORIENTED_EDGE('',*,*,#324,.F.);
#3186 = CYLINDRICAL_SURFACE('',#3187,0.703125);
#3187 = AXIS2_PLACEMENT_3D('',#3188,#3189,#3190);
#3188 = CARTESIAN_POINT('',(-11.353125,19.65,19.15));
#3189 = DIRECTION('',(0.,-1.,0.));
#3190 = DIRECTION('',(0.557093425606,0.,0.83044982699));
#3191 = ADVANCED_FACE('',(#3192),#3210,.T.);
#3192 = FACE_BOUND('',#3193,.T.);
#3193 = EDGE_LOOP('',(#3194,#3202,#3208,#3209));
#3194 = ORIENTED_EDGE('',*,*,#3195,.T.);
#3195 = EDGE_CURVE('',#334,#3196,#3198,.T.);
#3196 = VERTEX_POINT('',#3197);
#3197 = CARTESIAN_POINT('',(-17.25,21.65,19.7));
#3198 = LINE('',#3199,#3200);
#3199 = CARTESIAN_POINT('',(-17.25,19.65,19.7));
#3200 = VECTOR('',#3201,1.);
#3201 = DIRECTION('',(0.,1.,0.));
#3202 = ORIENTED_EDGE('',*,*,#3203,.T.);
#3203 = EDGE_CURVE('',#3196,#3171,#3204,.T.);
#3204 = LINE('',#3205,#3206);
#3205 = CARTESIAN_POINT('',(-17.25,21.65,19.7));
#3206 = VECTOR('',#3207,1.);
#3207 = DIRECTION('',(1.,0.,0.));
#3208 = ORIENTED_EDGE('',*,*,#3170,.F.);
#3209 = ORIENTED_EDGE('',*,*,#333,.F.);
#3210 = PLANE('',#3211);
#3211 = AXIS2_PLACEMENT_3D('',#3212,#3213,#3214);
#3212 = CARTESIAN_POINT('',(-17.25,19.65,19.7));
#3213 = DIRECTION('',(0.,0.,-1.));
#3214 = DIRECTION('',(1.,0.,0.));
#3215 = ADVANCED_FACE('',(#3216),#3235,.T.);
#3216 = FACE_BOUND('',#3217,.T.);
#3217 = EDGE_LOOP('',(#3218,#3226,#3233,#3234));
#3218 = ORIENTED_EDGE('',*,*,#3219,.T.);
#3219 = EDGE_CURVE('',#342,#3220,#3222,.T.);
#3220 = VERTEX_POINT('',#3221);
#3221 = CARTESIAN_POINT('',(-17.36141868512,21.65,19.733910034602));
#3222 = LINE('',#3223,#3224);
#3223 = CARTESIAN_POINT('',(-17.36141868512,19.65,19.733910034602));
#3224 = VECTOR('',#3225,1.);
#3225 = DIRECTION('',(0.,1.,0.));
#3226 = ORIENTED_EDGE('',*,*,#3227,.T.);
#3227 = EDGE_CURVE('',#3220,#3196,#3228,.T.);
#3228 = CIRCLE('',#3229,0.2);
#3229 = AXIS2_PLACEMENT_3D('',#3230,#3231,#3232);
#3230 = CARTESIAN_POINT('',(-17.25,21.65,19.9));
#3231 = DIRECTION('',(-0.,-1.,0.));
#3232 = DIRECTION('',(-0.83044982699,0.,0.557093425606));
#3233 = ORIENTED_EDGE('',*,*,#3195,.F.);
#3234 = ORIENTED_EDGE('',*,*,#341,.F.);
#3235 = CYLINDRICAL_SURFACE('',#3236,0.2);
#3236 = AXIS2_PLACEMENT_3D('',#3237,#3238,#3239);
#3237 = CARTESIAN_POINT('',(-17.25,19.65,19.9));
#3238 = DIRECTION('',(0.,-1.,0.));
#3239 = DIRECTION('',(-0.83044982699,0.,0.557093425606));
#3240 = ADVANCED_FACE('',(#3241),#3260,.T.);
#3241 = FACE_BOUND('',#3242,.T.);
#3242 = EDGE_LOOP('',(#3243,#3251,#3258,#3259));
#3243 = ORIENTED_EDGE('',*,*,#3244,.T.);
#3244 = EDGE_CURVE('',#351,#3245,#3247,.T.);
#3245 = VERTEX_POINT('',#3246);
#3246 = CARTESIAN_POINT('',(-17.36141868512,21.65,21.566089965398));
#3247 = LINE('',#3248,#3249);
#3248 = CARTESIAN_POINT('',(-17.36141868512,19.65,21.566089965398));
#3249 = VECTOR('',#3250,1.);
#3250 = DIRECTION('',(0.,1.,0.));
#3251 = ORIENTED_EDGE('',*,*,#3252,.T.);
#3252 = EDGE_CURVE('',#3245,#3220,#3253,.T.);
#3253 = CIRCLE('',#3254,1.103125);
#3254 = AXIS2_PLACEMENT_3D('',#3255,#3256,#3257);
#3255 = CARTESIAN_POINT('',(-16.746875,21.65,20.65));
#3256 = DIRECTION('',(-0.,-1.,0.));
#3257 = DIRECTION('',(-0.557093425606,0.,0.83044982699));
#3258 = ORIENTED_EDGE('',*,*,#3219,.F.);
#3259 = ORIENTED_EDGE('',*,*,#350,.F.);
#3260 = CYLINDRICAL_SURFACE('',#3261,1.103125);
#3261 = AXIS2_PLACEMENT_3D('',#3262,#3263,#3264);
#3262 = CARTESIAN_POINT('',(-16.746875,19.65,20.65));
#3263 = DIRECTION('',(0.,-1.,0.));
#3264 = DIRECTION('',(-0.557093425606,0.,0.83044982699));
#3265 = ADVANCED_FACE('',(#3266),#3285,.T.);
#3266 = FACE_BOUND('',#3267,.T.);
#3267 = EDGE_LOOP('',(#3268,#3276,#3283,#3284));
#3268 = ORIENTED_EDGE('',*,*,#3269,.T.);
#3269 = EDGE_CURVE('',#360,#3270,#3272,.T.);
#3270 = VERTEX_POINT('',#3271);
#3271 = CARTESIAN_POINT('',(-17.25,21.65,21.6));
#3272 = LINE('',#3273,#3274);
#3273 = CARTESIAN_POINT('',(-17.25,19.65,21.6));
#3274 = VECTOR('',#3275,1.);
#3275 = DIRECTION('',(0.,1.,0.));
#3276 = ORIENTED_EDGE('',*,*,#3277,.T.);
#3277 = EDGE_CURVE('',#3270,#3245,#3278,.T.);
#3278 = CIRCLE('',#3279,0.2);
#3279 = AXIS2_PLACEMENT_3D('',#3280,#3281,#3282);
#3280 = CARTESIAN_POINT('',(-17.25,21.65,21.4));
#3281 = DIRECTION('',(0.,-1.,0.));
#3282 = DIRECTION('',(1.,0.,0.));
#3283 = ORIENTED_EDGE('',*,*,#3244,.F.);
#3284 = ORIENTED_EDGE('',*,*,#359,.F.);
#3285 = CYLINDRICAL_SURFACE('',#3286,0.2);
#3286 = AXIS2_PLACEMENT_3D('',#3287,#3288,#3289);
#3287 = CARTESIAN_POINT('',(-17.25,19.65,21.4));
#3288 = DIRECTION('',(0.,-1.,0.));
#3289 = DIRECTION('',(1.,0.,0.));
#3290 = ADVANCED_FACE('',(#3291),#3302,.T.);
#3291 = FACE_BOUND('',#3292,.T.);
#3292 = EDGE_LOOP('',(#3293,#3294,#3295,#3301));
#3293 = ORIENTED_EDGE('',*,*,#368,.F.);
#3294 = ORIENTED_EDGE('',*,*,#2051,.F.);
#3295 = ORIENTED_EDGE('',*,*,#3296,.T.);
#3296 = EDGE_CURVE('',#2052,#3270,#3297,.T.);
#3297 = LINE('',#3298,#3299);
#3298 = CARTESIAN_POINT('',(-14.05,21.65,21.6));
#3299 = VECTOR('',#3300,1.);
#3300 = DIRECTION('',(-1.,0.,0.));
#3301 = ORIENTED_EDGE('',*,*,#3269,.F.);
#3302 = PLANE('',#3303);
#3303 = AXIS2_PLACEMENT_3D('',#3304,#3305,#3306);
#3304 = CARTESIAN_POINT('',(-14.25,19.65,21.6));
#3305 = DIRECTION('',(0.,0.,1.));
#3306 = DIRECTION('',(-1.,0.,0.));
#3307 = ADVANCED_FACE('',(#3308),#3333,.T.);
#3308 = FACE_BOUND('',#3309,.T.);
#3309 = EDGE_LOOP('',(#3310,#3316,#3317,#3318,#3326,#3332));
#3310 = ORIENTED_EDGE('',*,*,#3311,.F.);
#3311 = EDGE_CURVE('',#2067,#1660,#3312,.T.);
#3312 = LINE('',#3313,#3314);
#3313 = CARTESIAN_POINT('',(-17.05,26.15,24.1));
#3314 = VECTOR('',#3315,1.);
#3315 = DIRECTION('',(1.,0.,0.));
#3316 = ORIENTED_EDGE('',*,*,#2074,.F.);
#3317 = ORIENTED_EDGE('',*,*,#384,.T.);
#3318 = ORIENTED_EDGE('',*,*,#3319,.T.);
#3319 = EDGE_CURVE('',#385,#3320,#3322,.T.);
#3320 = VERTEX_POINT('',#3321);
#3321 = CARTESIAN_POINT('',(-14.25,21.65,24.1));
#3322 = LINE('',#3323,#3324);
#3323 = CARTESIAN_POINT('',(-14.25,19.65,24.1));
#3324 = VECTOR('',#3325,1.);
#3325 = DIRECTION('',(0.,1.,0.));
#3326 = ORIENTED_EDGE('',*,*,#3327,.F.);
#3327 = EDGE_CURVE('',#1668,#3320,#3328,.T.);
#3328 = LINE('',#3329,#3330);
#3329 = CARTESIAN_POINT('',(-14.67115921613,21.65,24.1));
#3330 = VECTOR('',#3331,1.);
#3331 = DIRECTION('',(-1.,0.,0.));
#3332 = ORIENTED_EDGE('',*,*,#1667,.T.);
#3333 = PLANE('',#3334);
#3334 = AXIS2_PLACEMENT_3D('',#3335,#3336,#3337);
#3335 = CARTESIAN_POINT('',(-17.05,19.65,24.1));
#3336 = DIRECTION('',(0.,0.,1.));
#3337 = DIRECTION('',(1.,0.,0.));
#3338 = ADVANCED_FACE('',(#3339),#3358,.T.);
#3339 = FACE_BOUND('',#3340,.T.);
#3340 = EDGE_LOOP('',(#3341,#3349,#3356,#3357));
#3341 = ORIENTED_EDGE('',*,*,#3342,.T.);
#3342 = EDGE_CURVE('',#393,#3343,#3345,.T.);
#3343 = VERTEX_POINT('',#3344);
#3344 = CARTESIAN_POINT('',(-14.05,21.65,24.3));
#3345 = LINE('',#3346,#3347);
#3346 = CARTESIAN_POINT('',(-14.05,19.65,24.3));
#3347 = VECTOR('',#3348,1.);
#3348 = DIRECTION('',(0.,1.,0.));
#3349 = ORIENTED_EDGE('',*,*,#3350,.T.);
#3350 = EDGE_CURVE('',#3343,#3320,#3351,.T.);
#3351 = CIRCLE('',#3352,0.2);
#3352 = AXIS2_PLACEMENT_3D('',#3353,#3354,#3355);
#3353 = CARTESIAN_POINT('',(-14.05,21.65,24.1));
#3354 = DIRECTION('',(0.,-1.,0.));
#3355 = DIRECTION('',(1.,0.,0.));
#3356 = ORIENTED_EDGE('',*,*,#3319,.F.);
#3357 = ORIENTED_EDGE('',*,*,#392,.F.);
#3358 = CYLINDRICAL_SURFACE('',#3359,0.2);
#3359 = AXIS2_PLACEMENT_3D('',#3360,#3361,#3362);
#3360 = CARTESIAN_POINT('',(-14.05,19.65,24.1));
#3361 = DIRECTION('',(0.,-1.,0.));
#3362 = DIRECTION('',(1.,0.,0.));
#3363 = ADVANCED_FACE('',(#3364),#3382,.F.);
#3364 = FACE_BOUND('',#3365,.F.);
#3365 = EDGE_LOOP('',(#3366,#3367,#3375,#3381));
#3366 = ORIENTED_EDGE('',*,*,#3342,.T.);
#3367 = ORIENTED_EDGE('',*,*,#3368,.T.);
#3368 = EDGE_CURVE('',#3343,#3369,#3371,.T.);
#3369 = VERTEX_POINT('',#3370);
#3370 = CARTESIAN_POINT('',(-10.875,21.65,24.3));
#3371 = LINE('',#3372,#3373);
#3372 = CARTESIAN_POINT('',(-14.05,21.65,24.3));
#3373 = VECTOR('',#3374,1.);
#3374 = DIRECTION('',(1.,0.,0.));
#3375 = ORIENTED_EDGE('',*,*,#3376,.F.);
#3376 = EDGE_CURVE('',#402,#3369,#3377,.T.);
#3377 = LINE('',#3378,#3379);
#3378 = CARTESIAN_POINT('',(-10.875,19.65,24.3));
#3379 = VECTOR('',#3380,1.);
#3380 = DIRECTION('',(0.,1.,0.));
#3381 = ORIENTED_EDGE('',*,*,#401,.F.);
#3382 = PLANE('',#3383);
#3383 = AXIS2_PLACEMENT_3D('',#3384,#3385,#3386);
#3384 = CARTESIAN_POINT('',(-14.05,19.65,24.3));
#3385 = DIRECTION('',(0.,0.,-1.));
#3386 = DIRECTION('',(1.,0.,0.));
#3387 = ADVANCED_FACE('',(#3388),#3400,.F.);
#3388 = FACE_BOUND('',#3389,.F.);
#3389 = EDGE_LOOP('',(#3390,#3391,#3398,#3399));
#3390 = ORIENTED_EDGE('',*,*,#3376,.T.);
#3391 = ORIENTED_EDGE('',*,*,#3392,.T.);
#3392 = EDGE_CURVE('',#3369,#3098,#3393,.T.);
#3393 = CIRCLE('',#3394,0.3125);
#3394 = AXIS2_PLACEMENT_3D('',#3395,#3396,#3397);
#3395 = CARTESIAN_POINT('',(-10.9625,21.65,24.6));
#3396 = DIRECTION('',(0.,-1.,0.));
#3397 = DIRECTION('',(0.219512195122,0.,-0.975609756098));
#3398 = ORIENTED_EDGE('',*,*,#3097,.F.);
#3399 = ORIENTED_EDGE('',*,*,#409,.F.);
#3400 = CYLINDRICAL_SURFACE('',#3401,0.3125);
#3401 = AXIS2_PLACEMENT_3D('',#3402,#3403,#3404);
#3402 = CARTESIAN_POINT('',(-10.9625,19.65,24.6));
#3403 = DIRECTION('',(0.,-1.,0.));
#3404 = DIRECTION('',(0.219512195122,0.,-0.975609756098));
#3405 = ADVANCED_FACE('',(#3406),#3424,.F.);
#3406 = FACE_BOUND('',#3407,.F.);
#3407 = EDGE_LOOP('',(#3408,#3416,#3422,#3423));
#3408 = ORIENTED_EDGE('',*,*,#3409,.T.);
#3409 = EDGE_CURVE('',#702,#3410,#3412,.T.);
#3410 = VERTEX_POINT('',#3411);
#3411 = CARTESIAN_POINT('',(0.125,21.65,24.9));
#3412 = LINE('',#3413,#3414);
#3413 = CARTESIAN_POINT('',(0.125,19.65,24.9));
#3414 = VECTOR('',#3415,1.);
#3415 = DIRECTION('',(0.,1.,0.));
#3416 = ORIENTED_EDGE('',*,*,#3417,.T.);
#3417 = EDGE_CURVE('',#3410,#1553,#3418,.T.);
#3418 = LINE('',#3419,#3420);
#3419 = CARTESIAN_POINT('',(0.15,21.65,24.9));
#3420 = VECTOR('',#3421,1.);
#3421 = DIRECTION('',(-1.,0.,0.));
#3422 = ORIENTED_EDGE('',*,*,#1561,.F.);
#3423 = ORIENTED_EDGE('',*,*,#710,.F.);
#3424 = PLANE('',#3425);
#3425 = AXIS2_PLACEMENT_3D('',#3426,#3427,#3428);
#3426 = CARTESIAN_POINT('',(0.125,19.65,24.9));
#3427 = DIRECTION('',(0.,0.,1.));
#3428 = DIRECTION('',(-1.,0.,0.));
#3429 = ADVANCED_FACE('',(#3430),#3449,.T.);
#3430 = FACE_BOUND('',#3431,.T.);
#3431 = EDGE_LOOP('',(#3432,#3440,#3447,#3448));
#3432 = ORIENTED_EDGE('',*,*,#3433,.T.);
#3433 = EDGE_CURVE('',#600,#3434,#3436,.T.);
#3434 = VERTEX_POINT('',#3435);
#3435 = CARTESIAN_POINT('',(-6.25,21.65,18.6));
#3436 = LINE('',#3437,#3438);
#3437 = CARTESIAN_POINT('',(-6.25,19.65,18.6));
#3438 = VECTOR('',#3439,1.);
#3439 = DIRECTION('',(0.,1.,0.));
#3440 = ORIENTED_EDGE('',*,*,#3441,.T.);
#3441 = EDGE_CURVE('',#3434,#2027,#3442,.T.);
#3442 = CIRCLE('',#3443,0.2);
#3443 = AXIS2_PLACEMENT_3D('',#3444,#3445,#3446);
#3444 = CARTESIAN_POINT('',(-6.25,21.65,18.4));
#3445 = DIRECTION('',(0.,-1.,0.));
#3446 = DIRECTION('',(1.,0.,0.));
#3447 = ORIENTED_EDGE('',*,*,#2026,.F.);
#3448 = ORIENTED_EDGE('',*,*,#599,.F.);
#3449 = CYLINDRICAL_SURFACE('',#3450,0.2);
#3450 = AXIS2_PLACEMENT_3D('',#3451,#3452,#3453);
#3451 = CARTESIAN_POINT('',(-6.25,19.65,18.4));
#3452 = DIRECTION('',(0.,-1.,0.));
#3453 = DIRECTION('',(1.,0.,0.));
#3454 = ADVANCED_FACE('',(#3455),#3473,.T.);
#3455 = FACE_BOUND('',#3456,.T.);
#3456 = EDGE_LOOP('',(#3457,#3465,#3471,#3472));
#3457 = ORIENTED_EDGE('',*,*,#3458,.T.);
#3458 = EDGE_CURVE('',#609,#3459,#3461,.T.);
#3459 = VERTEX_POINT('',#3460);
#3460 = CARTESIAN_POINT('',(8.49215336297E-02,21.65,18.6));
#3461 = LINE('',#3462,#3463);
#3462 = CARTESIAN_POINT('',(8.49215336297E-02,19.65,18.6));
#3463 = VECTOR('',#3464,1.);
#3464 = DIRECTION('',(0.,1.,0.));
#3465 = ORIENTED_EDGE('',*,*,#3466,.T.);
#3466 = EDGE_CURVE('',#3459,#3434,#3467,.T.);
#3467 = LINE('',#3468,#3469);
#3468 = CARTESIAN_POINT('',(0.15,21.65,18.6));
#3469 = VECTOR('',#3470,1.);
#3470 = DIRECTION('',(-1.,0.,0.));
#3471 = ORIENTED_EDGE('',*,*,#3433,.F.);
#3472 = ORIENTED_EDGE('',*,*,#608,.F.);
#3473 = PLANE('',#3474);
#3474 = AXIS2_PLACEMENT_3D('',#3475,#3476,#3477);
#3475 = CARTESIAN_POINT('',(8.49215336297E-02,19.65,18.6));
#3476 = DIRECTION('',(0.,0.,1.));
#3477 = DIRECTION('',(-1.,0.,0.));
#3478 = ADVANCED_FACE('',(#3479),#3498,.F.);
#3479 = FACE_BOUND('',#3480,.T.);
#3480 = EDGE_LOOP('',(#3481,#3489,#3496,#3497));
#3481 = ORIENTED_EDGE('',*,*,#3482,.T.);
#3482 = EDGE_CURVE('',#617,#3483,#3485,.T.);
#3483 = VERTEX_POINT('',#3484);
#3484 = CARTESIAN_POINT('',(8.492153362971E-02,21.65,19.7));
#3485 = LINE('',#3486,#3487);
#3486 = CARTESIAN_POINT('',(8.492153362971E-02,19.65,19.7));
#3487 = VECTOR('',#3488,1.);
#3488 = DIRECTION('',(0.,1.,0.));
#3489 = ORIENTED_EDGE('',*,*,#3490,.T.);
#3490 = EDGE_CURVE('',#3483,#3459,#3491,.T.);
#3491 = CIRCLE('',#3492,0.703125);
#3492 = AXIS2_PLACEMENT_3D('',#3493,#3494,#3495);
#3493 = CARTESIAN_POINT('',(-0.353125,21.65,19.15));
#3494 = DIRECTION('',(-0.,1.,0.));
#3495 = DIRECTION('',(0.557093425606,0.,0.83044982699));
#3496 = ORIENTED_EDGE('',*,*,#3458,.F.);
#3497 = ORIENTED_EDGE('',*,*,#616,.F.);
#3498 = CYLINDRICAL_SURFACE('',#3499,0.703125);
#3499 = AXIS2_PLACEMENT_3D('',#3500,#3501,#3502);
#3500 = CARTESIAN_POINT('',(-0.353125,19.65,19.15));
#3501 = DIRECTION('',(0.,-1.,0.));
#3502 = DIRECTION('',(0.557093425606,0.,0.83044982699));
#3503 = ADVANCED_FACE('',(#3504),#3522,.T.);
#3504 = FACE_BOUND('',#3505,.T.);
#3505 = EDGE_LOOP('',(#3506,#3514,#3520,#3521));
#3506 = ORIENTED_EDGE('',*,*,#3507,.T.);
#3507 = EDGE_CURVE('',#626,#3508,#3510,.T.);
#3508 = VERTEX_POINT('',#3509);
#3509 = CARTESIAN_POINT('',(-6.25,21.65,19.7));
#3510 = LINE('',#3511,#3512);
#3511 = CARTESIAN_POINT('',(-6.25,19.65,19.7));
#3512 = VECTOR('',#3513,1.);
#3513 = DIRECTION('',(0.,1.,0.));
#3514 = ORIENTED_EDGE('',*,*,#3515,.T.);
#3515 = EDGE_CURVE('',#3508,#3483,#3516,.T.);
#3516 = LINE('',#3517,#3518);
#3517 = CARTESIAN_POINT('',(-6.25,21.65,19.7));
#3518 = VECTOR('',#3519,1.);
#3519 = DIRECTION('',(1.,0.,0.));
#3520 = ORIENTED_EDGE('',*,*,#3482,.F.);
#3521 = ORIENTED_EDGE('',*,*,#625,.F.);
#3522 = PLANE('',#3523);
#3523 = AXIS2_PLACEMENT_3D('',#3524,#3525,#3526);
#3524 = CARTESIAN_POINT('',(-6.25,19.65,19.7));
#3525 = DIRECTION('',(0.,0.,-1.));
#3526 = DIRECTION('',(1.,0.,0.));
#3527 = ADVANCED_FACE('',(#3528),#3547,.T.);
#3528 = FACE_BOUND('',#3529,.T.);
#3529 = EDGE_LOOP('',(#3530,#3538,#3545,#3546));
#3530 = ORIENTED_EDGE('',*,*,#3531,.T.);
#3531 = EDGE_CURVE('',#634,#3532,#3534,.T.);
#3532 = VERTEX_POINT('',#3533);
#3533 = CARTESIAN_POINT('',(-6.361418685121,21.65,19.733910034602));
#3534 = LINE('',#3535,#3536);
#3535 = CARTESIAN_POINT('',(-6.361418685121,19.65,19.733910034602));
#3536 = VECTOR('',#3537,1.);
#3537 = DIRECTION('',(0.,1.,0.));
#3538 = ORIENTED_EDGE('',*,*,#3539,.T.);
#3539 = EDGE_CURVE('',#3532,#3508,#3540,.T.);
#3540 = CIRCLE('',#3541,0.2);
#3541 = AXIS2_PLACEMENT_3D('',#3542,#3543,#3544);
#3542 = CARTESIAN_POINT('',(-6.25,21.65,19.9));
#3543 = DIRECTION('',(-0.,-1.,0.));
#3544 = DIRECTION('',(-0.83044982699,0.,0.557093425606));
#3545 = ORIENTED_EDGE('',*,*,#3507,.F.);
#3546 = ORIENTED_EDGE('',*,*,#633,.F.);
#3547 = CYLINDRICAL_SURFACE('',#3548,0.2);
#3548 = AXIS2_PLACEMENT_3D('',#3549,#3550,#3551);
#3549 = CARTESIAN_POINT('',(-6.25,19.65,19.9));
#3550 = DIRECTION('',(0.,-1.,0.));
#3551 = DIRECTION('',(-0.83044982699,0.,0.557093425606));
#3552 = ADVANCED_FACE('',(#3553),#3572,.T.);
#3553 = FACE_BOUND('',#3554,.T.);
#3554 = EDGE_LOOP('',(#3555,#3563,#3570,#3571));
#3555 = ORIENTED_EDGE('',*,*,#3556,.T.);
#3556 = EDGE_CURVE('',#643,#3557,#3559,.T.);
#3557 = VERTEX_POINT('',#3558);
#3558 = CARTESIAN_POINT('',(-6.361418685121,21.65,21.566089965398));
#3559 = LINE('',#3560,#3561);
#3560 = CARTESIAN_POINT('',(-6.361418685121,19.65,21.566089965398));
#3561 = VECTOR('',#3562,1.);
#3562 = DIRECTION('',(0.,1.,0.));
#3563 = ORIENTED_EDGE('',*,*,#3564,.T.);
#3564 = EDGE_CURVE('',#3557,#3532,#3565,.T.);
#3565 = CIRCLE('',#3566,1.103125);
#3566 = AXIS2_PLACEMENT_3D('',#3567,#3568,#3569);
#3567 = CARTESIAN_POINT('',(-5.746875,21.65,20.65));
#3568 = DIRECTION('',(-0.,-1.,0.));
#3569 = DIRECTION('',(-0.557093425606,0.,0.83044982699));
#3570 = ORIENTED_EDGE('',*,*,#3531,.F.);
#3571 = ORIENTED_EDGE('',*,*,#642,.F.);
#3572 = CYLINDRICAL_SURFACE('',#3573,1.103125);
#3573 = AXIS2_PLACEMENT_3D('',#3574,#3575,#3576);
#3574 = CARTESIAN_POINT('',(-5.746875,19.65,20.65));
#3575 = DIRECTION('',(0.,-1.,0.));
#3576 = DIRECTION('',(-0.557093425606,0.,0.83044982699));
#3577 = ADVANCED_FACE('',(#3578),#3597,.T.);
#3578 = FACE_BOUND('',#3579,.T.);
#3579 = EDGE_LOOP('',(#3580,#3588,#3595,#3596));
#3580 = ORIENTED_EDGE('',*,*,#3581,.T.);
#3581 = EDGE_CURVE('',#652,#3582,#3584,.T.);
#3582 = VERTEX_POINT('',#3583);
#3583 = CARTESIAN_POINT('',(-6.25,21.65,21.6));
#3584 = LINE('',#3585,#3586);
#3585 = CARTESIAN_POINT('',(-6.25,19.65,21.6));
#3586 = VECTOR('',#3587,1.);
#3587 = DIRECTION('',(0.,1.,0.));
#3588 = ORIENTED_EDGE('',*,*,#3589,.T.);
#3589 = EDGE_CURVE('',#3582,#3557,#3590,.T.);
#3590 = CIRCLE('',#3591,0.2);
#3591 = AXIS2_PLACEMENT_3D('',#3592,#3593,#3594);
#3592 = CARTESIAN_POINT('',(-6.25,21.65,21.4));
#3593 = DIRECTION('',(0.,-1.,0.));
#3594 = DIRECTION('',(1.,0.,0.));
#3595 = ORIENTED_EDGE('',*,*,#3556,.F.);
#3596 = ORIENTED_EDGE('',*,*,#651,.F.);
#3597 = CYLINDRICAL_SURFACE('',#3598,0.2);
#3598 = AXIS2_PLACEMENT_3D('',#3599,#3600,#3601);
#3599 = CARTESIAN_POINT('',(-6.25,19.65,21.4));
#3600 = DIRECTION('',(0.,-1.,0.));
#3601 = DIRECTION('',(1.,0.,0.));
#3602 = ADVANCED_FACE('',(#3603),#3614,.T.);
#3603 = FACE_BOUND('',#3604,.T.);
#3604 = EDGE_LOOP('',(#3605,#3606,#3607,#3613));
#3605 = ORIENTED_EDGE('',*,*,#660,.F.);
#3606 = ORIENTED_EDGE('',*,*,#1483,.F.);
#3607 = ORIENTED_EDGE('',*,*,#3608,.T.);
#3608 = EDGE_CURVE('',#1484,#3582,#3609,.T.);
#3609 = LINE('',#3610,#3611);
#3610 = CARTESIAN_POINT('',(-3.05,21.65,21.6));
#3611 = VECTOR('',#3612,1.);
#3612 = DIRECTION('',(-1.,0.,0.));
#3613 = ORIENTED_EDGE('',*,*,#3581,.F.);
#3614 = PLANE('',#3615);
#3615 = AXIS2_PLACEMENT_3D('',#3616,#3617,#3618);
#3616 = CARTESIAN_POINT('',(-3.25,19.65,21.6));
#3617 = DIRECTION('',(0.,0.,1.));
#3618 = DIRECTION('',(-1.,0.,0.));
#3619 = ADVANCED_FACE('',(#3620),#3654,.T.);
#3620 = FACE_BOUND('',#3621,.T.);
#3621 = EDGE_LOOP('',(#3622,#3630,#3631,#3632,#3640,#3648));
#3622 = ORIENTED_EDGE('',*,*,#3623,.F.);
#3623 = EDGE_CURVE('',#1499,#3624,#3626,.T.);
#3624 = VERTEX_POINT('',#3625);
#3625 = CARTESIAN_POINT('',(-5.E-02,26.15,24.1));
#3626 = LINE('',#3627,#3628);
#3627 = CARTESIAN_POINT('',(-6.05,26.15,24.1));
#3628 = VECTOR('',#3629,1.);
#3629 = DIRECTION('',(1.,0.,0.));
#3630 = ORIENTED_EDGE('',*,*,#1506,.F.);
#3631 = ORIENTED_EDGE('',*,*,#676,.T.);
#3632 = ORIENTED_EDGE('',*,*,#3633,.T.);
#3633 = EDGE_CURVE('',#677,#3634,#3636,.T.);
#3634 = VERTEX_POINT('',#3635);
#3635 = CARTESIAN_POINT('',(-3.25,21.65,24.1));
#3636 = LINE('',#3637,#3638);
#3637 = CARTESIAN_POINT('',(-3.25,19.65,24.1));
#3638 = VECTOR('',#3639,1.);
#3639 = DIRECTION('',(0.,1.,0.));
#3640 = ORIENTED_EDGE('',*,*,#3641,.F.);
#3641 = EDGE_CURVE('',#3642,#3634,#3644,.T.);
#3642 = VERTEX_POINT('',#3643);
#3643 = CARTESIAN_POINT('',(-5.E-02,21.65,24.1));
#3644 = LINE('',#3645,#3646);
#3645 = CARTESIAN_POINT('',(-3.671159216134,21.65,24.1));
#3646 = VECTOR('',#3647,1.);
#3647 = DIRECTION('',(-1.,0.,0.));
#3648 = ORIENTED_EDGE('',*,*,#3649,.T.);
#3649 = EDGE_CURVE('',#3642,#3624,#3650,.T.);
#3650 = LINE('',#3651,#3652);
#3651 = CARTESIAN_POINT('',(-5.E-02,19.65,24.1));
#3652 = VECTOR('',#3653,1.);
#3653 = DIRECTION('',(0.,1.,0.));
#3654 = PLANE('',#3655);
#3655 = AXIS2_PLACEMENT_3D('',#3656,#3657,#3658);
#3656 = CARTESIAN_POINT('',(-6.05,19.65,24.1));
#3657 = DIRECTION('',(0.,0.,1.));
#3658 = DIRECTION('',(1.,0.,0.));
#3659 = ADVANCED_FACE('',(#3660),#3679,.T.);
#3660 = FACE_BOUND('',#3661,.T.);
#3661 = EDGE_LOOP('',(#3662,#3670,#3677,#3678));
#3662 = ORIENTED_EDGE('',*,*,#3663,.T.);
#3663 = EDGE_CURVE('',#685,#3664,#3666,.T.);
#3664 = VERTEX_POINT('',#3665);
#3665 = CARTESIAN_POINT('',(-3.05,21.65,24.3));
#3666 = LINE('',#3667,#3668);
#3667 = CARTESIAN_POINT('',(-3.05,19.65,24.3));
#3668 = VECTOR('',#3669,1.);
#3669 = DIRECTION('',(0.,1.,0.));
#3670 = ORIENTED_EDGE('',*,*,#3671,.T.);
#3671 = EDGE_CURVE('',#3664,#3634,#3672,.T.);
#3672 = CIRCLE('',#3673,0.2);
#3673 = AXIS2_PLACEMENT_3D('',#3674,#3675,#3676);
#3674 = CARTESIAN_POINT('',(-3.05,21.65,24.1));
#3675 = DIRECTION('',(0.,-1.,0.));
#3676 = DIRECTION('',(1.,0.,0.));
#3677 = ORIENTED_EDGE('',*,*,#3633,.F.);
#3678 = ORIENTED_EDGE('',*,*,#684,.F.);
#3679 = CYLINDRICAL_SURFACE('',#3680,0.2);
#3680 = AXIS2_PLACEMENT_3D('',#3681,#3682,#3683);
#3681 = CARTESIAN_POINT('',(-3.05,19.65,24.1));
#3682 = DIRECTION('',(0.,-1.,0.));
#3683 = DIRECTION('',(1.,0.,0.));
#3684 = ADVANCED_FACE('',(#3685),#3703,.F.);
#3685 = FACE_BOUND('',#3686,.F.);
#3686 = EDGE_LOOP('',(#3687,#3688,#3696,#3702));
#3687 = ORIENTED_EDGE('',*,*,#3663,.T.);
#3688 = ORIENTED_EDGE('',*,*,#3689,.T.);
#3689 = EDGE_CURVE('',#3664,#3690,#3692,.T.);
#3690 = VERTEX_POINT('',#3691);
#3691 = CARTESIAN_POINT('',(0.125,21.65,24.3));
#3692 = LINE('',#3693,#3694);
#3693 = CARTESIAN_POINT('',(-3.05,21.65,24.3));
#3694 = VECTOR('',#3695,1.);
#3695 = DIRECTION('',(1.,0.,0.));
#3696 = ORIENTED_EDGE('',*,*,#3697,.F.);
#3697 = EDGE_CURVE('',#694,#3690,#3698,.T.);
#3698 = LINE('',#3699,#3700);
#3699 = CARTESIAN_POINT('',(0.125,19.65,24.3));
#3700 = VECTOR('',#3701,1.);
#3701 = DIRECTION('',(0.,1.,0.));
#3702 = ORIENTED_EDGE('',*,*,#693,.F.);
#3703 = PLANE('',#3704);
#3704 = AXIS2_PLACEMENT_3D('',#3705,#3706,#3707);
#3705 = CARTESIAN_POINT('',(-3.05,19.65,24.3));
#3706 = DIRECTION('',(0.,0.,-1.));
#3707 = DIRECTION('',(1.,0.,0.));
#3708 = ADVANCED_FACE('',(#3709),#3721,.F.);
#3709 = FACE_BOUND('',#3710,.F.);
#3710 = EDGE_LOOP('',(#3711,#3712,#3719,#3720));
#3711 = ORIENTED_EDGE('',*,*,#3697,.T.);
#3712 = ORIENTED_EDGE('',*,*,#3713,.T.);
#3713 = EDGE_CURVE('',#3690,#3410,#3714,.T.);
#3714 = CIRCLE('',#3715,0.3125);
#3715 = AXIS2_PLACEMENT_3D('',#3716,#3717,#3718);
#3716 = CARTESIAN_POINT('',(3.75E-02,21.65,24.6));
#3717 = DIRECTION('',(0.,-1.,0.));
#3718 = DIRECTION('',(0.219512195122,0.,-0.975609756098));
#3719 = ORIENTED_EDGE('',*,*,#3409,.F.);
#3720 = ORIENTED_EDGE('',*,*,#701,.F.);
#3721 = CYLINDRICAL_SURFACE('',#3722,0.3125);
#3722 = AXIS2_PLACEMENT_3D('',#3723,#3724,#3725);
#3723 = CARTESIAN_POINT('',(3.75E-02,19.65,24.6));
#3724 = DIRECTION('',(0.,-1.,0.));
#3725 = DIRECTION('',(0.219512195122,0.,-0.975609756098));
#3726 = ADVANCED_FACE('',(#3727),#3746,.T.);
#3727 = FACE_BOUND('',#3728,.T.);
#3728 = EDGE_LOOP('',(#3729,#3737,#3744,#3745));
#3729 = ORIENTED_EDGE('',*,*,#3730,.T.);
#3730 = EDGE_CURVE('',#747,#3731,#3733,.T.);
#3731 = VERTEX_POINT('',#3732);
#3732 = CARTESIAN_POINT('',(0.15,21.65,23.9));
#3733 = LINE('',#3734,#3735);
#3734 = CARTESIAN_POINT('',(0.15,19.65,23.9));
#3735 = VECTOR('',#3736,1.);
#3736 = DIRECTION('',(0.,1.,0.));
#3737 = ORIENTED_EDGE('',*,*,#3738,.T.);
#3738 = EDGE_CURVE('',#3731,#1441,#3739,.T.);
#3739 = CIRCLE('',#3740,0.2);
#3740 = AXIS2_PLACEMENT_3D('',#3741,#3742,#3743);
#3741 = CARTESIAN_POINT('',(0.15,21.65,24.1));
#3742 = DIRECTION('',(-0.,-1.,-0.));
#3743 = DIRECTION('',(-1.,0.,0.));
#3744 = ORIENTED_EDGE('',*,*,#1440,.F.);
#3745 = ORIENTED_EDGE('',*,*,#746,.F.);
#3746 = CYLINDRICAL_SURFACE('',#3747,0.2);
#3747 = AXIS2_PLACEMENT_3D('',#3748,#3749,#3750);
#3748 = CARTESIAN_POINT('',(0.15,19.65,24.1));
#3749 = DIRECTION('',(-0.,-1.,-0.));
#3750 = DIRECTION('',(-1.,0.,0.));
#3751 = ADVANCED_FACE('',(#3752),#3770,.T.);
#3752 = FACE_BOUND('',#3753,.T.);
#3753 = EDGE_LOOP('',(#3754,#3755,#3763,#3769));
#3754 = ORIENTED_EDGE('',*,*,#755,.F.);
#3755 = ORIENTED_EDGE('',*,*,#3756,.T.);
#3756 = EDGE_CURVE('',#756,#3757,#3759,.T.);
#3757 = VERTEX_POINT('',#3758);
#3758 = CARTESIAN_POINT('',(-5.E-02,21.65,23.9));
#3759 = LINE('',#3760,#3761);
#3760 = CARTESIAN_POINT('',(-5.E-02,19.65,23.9));
#3761 = VECTOR('',#3762,1.);
#3762 = DIRECTION('',(0.,1.,0.));
#3763 = ORIENTED_EDGE('',*,*,#3764,.T.);
#3764 = EDGE_CURVE('',#3757,#3731,#3765,.T.);
#3765 = LINE('',#3766,#3767);
#3766 = CARTESIAN_POINT('',(-3.05,21.65,23.9));
#3767 = VECTOR('',#3768,1.);
#3768 = DIRECTION('',(1.,0.,0.));
#3769 = ORIENTED_EDGE('',*,*,#3730,.F.);
#3770 = PLANE('',#3771);
#3771 = AXIS2_PLACEMENT_3D('',#3772,#3773,#3774);
#3772 = CARTESIAN_POINT('',(-2.85,19.65,23.9));
#3773 = DIRECTION('',(0.,0.,-1.));
#3774 = DIRECTION('',(1.,0.,0.));
#3775 = ADVANCED_FACE('',(#3776),#3794,.T.);
#3776 = FACE_BOUND('',#3777,.T.);
#3777 = EDGE_LOOP('',(#3778,#3779,#3780,#3786,#3787,#3793));
#3778 = ORIENTED_EDGE('',*,*,#763,.F.);
#3779 = ORIENTED_EDGE('',*,*,#1092,.T.);
#3780 = ORIENTED_EDGE('',*,*,#3781,.T.);
#3781 = EDGE_CURVE('',#1093,#3624,#3782,.T.);
#3782 = LINE('',#3783,#3784);
#3783 = CARTESIAN_POINT('',(-5.E-02,26.15,21.4));
#3784 = VECTOR('',#3785,1.);
#3785 = DIRECTION('',(0.,0.,1.));
#3786 = ORIENTED_EDGE('',*,*,#3649,.F.);
#3787 = ORIENTED_EDGE('',*,*,#3788,.F.);
#3788 = EDGE_CURVE('',#3757,#3642,#3789,.T.);
#3789 = LINE('',#3790,#3791);
#3790 = CARTESIAN_POINT('',(-5.E-02,21.65,23.));
#3791 = VECTOR('',#3792,1.);
#3792 = DIRECTION('',(0.,0.,1.));
#3793 = ORIENTED_EDGE('',*,*,#3756,.F.);
#3794 = PLANE('',#3795);
#3795 = AXIS2_PLACEMENT_3D('',#3796,#3797,#3798);
#3796 = CARTESIAN_POINT('',(-5.E-02,19.65,21.4));
#3797 = DIRECTION('',(1.,0.,0.));
#3798 = DIRECTION('',(0.,0.,1.));
#3799 = ADVANCED_FACE('',(#3800),#3806,.T.);
#3800 = FACE_BOUND('',#3801,.T.);
#3801 = EDGE_LOOP('',(#3802,#3803,#3804,#3805));
#3802 = ORIENTED_EDGE('',*,*,#2284,.F.);
#3803 = ORIENTED_EDGE('',*,*,#2634,.T.);
#3804 = ORIENTED_EDGE('',*,*,#2999,.T.);
#3805 = ORIENTED_EDGE('',*,*,#2227,.F.);
#3806 = PLANE('',#3807);
#3807 = AXIS2_PLACEMENT_3D('',#3808,#3809,#3810);
#3808 = CARTESIAN_POINT('',(-28.05,26.15,21.4));
#3809 = DIRECTION('',(0.,1.,0.));
#3810 = DIRECTION('',(0.,0.,1.));
#3811 = ADVANCED_FACE('',(#3812),#3818,.T.);
#3812 = FACE_BOUND('',#3813,.T.);
#3813 = EDGE_LOOP('',(#3814,#3815,#3816,#3817));
#3814 = ORIENTED_EDGE('',*,*,#1716,.F.);
#3815 = ORIENTED_EDGE('',*,*,#2066,.T.);
#3816 = ORIENTED_EDGE('',*,*,#3311,.T.);
#3817 = ORIENTED_EDGE('',*,*,#1659,.F.);
#3818 = PLANE('',#3819);
#3819 = AXIS2_PLACEMENT_3D('',#3820,#3821,#3822);
#3820 = CARTESIAN_POINT('',(-17.05,26.15,21.4));
#3821 = DIRECTION('',(0.,1.,0.));
#3822 = DIRECTION('',(0.,0.,1.));
#3823 = ADVANCED_FACE('',(#3824),#3830,.T.);
#3824 = FACE_BOUND('',#3825,.T.);
#3825 = EDGE_LOOP('',(#3826,#3827,#3828,#3829));
#3826 = ORIENTED_EDGE('',*,*,#1100,.F.);
#3827 = ORIENTED_EDGE('',*,*,#1498,.T.);
#3828 = ORIENTED_EDGE('',*,*,#3623,.T.);
#3829 = ORIENTED_EDGE('',*,*,#3781,.F.);
#3830 = PLANE('',#3831);
#3831 = AXIS2_PLACEMENT_3D('',#3832,#3833,#3834);
#3832 = CARTESIAN_POINT('',(-6.05,26.15,21.4));
#3833 = DIRECTION('',(0.,1.,0.));
#3834 = DIRECTION('',(0.,0.,1.));
#3835 = ADVANCED_FACE('',(#3836,#3842),#3950,.T.);
#3836 = FACE_BOUND('',#3837,.T.);
#3837 = EDGE_LOOP('',(#3838,#3839,#3840,#3841));
#3838 = ORIENTED_EDGE('',*,*,#109,.F.);
#3839 = ORIENTED_EDGE('',*,*,#39,.T.);
#3840 = ORIENTED_EDGE('',*,*,#78,.T.);
#3841 = ORIENTED_EDGE('',*,*,#130,.F.);
#3842 = FACE_BOUND('',#3843,.T.);
#3843 = EDGE_LOOP('',(#3844,#3845,#3846,#3847,#3848,#3849,#3850,#3851,
    #3852,#3853,#3854,#3855,#3856,#3857,#3858,#3859,#3860,#3861,#3862,
    #3863,#3864,#3865,#3866,#3867,#3868,#3869,#3870,#3871,#3872,#3873,
    #3874,#3875,#3876,#3877,#3878,#3879,#3880,#3881,#3882,#3883,#3884,
    #3885,#3886,#3887,#3888,#3889,#3890,#3891,#3892,#3893,#3894,#3895,
    #3896,#3897,#3898,#3899,#3900,#3901,#3902,#3903,#3904,#3905,#3906,
    #3907,#3908,#3909,#3910,#3911,#3912,#3913,#3914,#3915,#3916,#3917,
    #3918,#3919,#3920,#3921,#3922,#3923,#3924,#3925,#3926,#3927,#3928,
    #3929,#3930,#3931,#3932,#3933,#3934,#3935,#3936,#3937,#3938,#3939,
    #3940,#3941,#3942,#3943,#3944,#3945,#3946,#3947,#3948,#3949));
#3844 = ORIENTED_EDGE('',*,*,#2673,.F.);
#3845 = ORIENTED_EDGE('',*,*,#2697,.T.);
#3846 = ORIENTED_EDGE('',*,*,#2721,.T.);
#3847 = ORIENTED_EDGE('',*,*,#2769,.F.);
#3848 = ORIENTED_EDGE('',*,*,#2817,.F.);
#3849 = ORIENTED_EDGE('',*,*,#2842,.F.);
#3850 = ORIENTED_EDGE('',*,*,#2866,.F.);
#3851 = ORIENTED_EDGE('',*,*,#2891,.F.);
#3852 = ORIENTED_EDGE('',*,*,#2915,.F.);
#3853 = ORIENTED_EDGE('',*,*,#2940,.F.);
#3854 = ORIENTED_EDGE('',*,*,#2965,.F.);
#3855 = ORIENTED_EDGE('',*,*,#2984,.F.);
#3856 = ORIENTED_EDGE('',*,*,#2627,.F.);
#3857 = ORIENTED_EDGE('',*,*,#2268,.F.);
#3858 = ORIENTED_EDGE('',*,*,#2306,.F.);
#3859 = ORIENTED_EDGE('',*,*,#2324,.T.);
#3860 = ORIENTED_EDGE('',*,*,#2348,.T.);
#3861 = ORIENTED_EDGE('',*,*,#2373,.T.);
#3862 = ORIENTED_EDGE('',*,*,#2404,.F.);
#3863 = ORIENTED_EDGE('',*,*,#2422,.T.);
#3864 = ORIENTED_EDGE('',*,*,#2454,.F.);
#3865 = ORIENTED_EDGE('',*,*,#2472,.T.);
#3866 = ORIENTED_EDGE('',*,*,#2496,.T.);
#3867 = ORIENTED_EDGE('',*,*,#2521,.T.);
#3868 = ORIENTED_EDGE('',*,*,#2576,.F.);
#3869 = ORIENTED_EDGE('',*,*,#2561,.T.);
#3870 = ORIENTED_EDGE('',*,*,#2602,.F.);
#3871 = ORIENTED_EDGE('',*,*,#3129,.F.);
#3872 = ORIENTED_EDGE('',*,*,#3154,.F.);
#3873 = ORIENTED_EDGE('',*,*,#3178,.F.);
#3874 = ORIENTED_EDGE('',*,*,#3203,.F.);
#3875 = ORIENTED_EDGE('',*,*,#3227,.F.);
#3876 = ORIENTED_EDGE('',*,*,#3252,.F.);
#3877 = ORIENTED_EDGE('',*,*,#3277,.F.);
#3878 = ORIENTED_EDGE('',*,*,#3296,.F.);
#3879 = ORIENTED_EDGE('',*,*,#2059,.F.);
#3880 = ORIENTED_EDGE('',*,*,#1700,.F.);
#3881 = ORIENTED_EDGE('',*,*,#1738,.F.);
#3882 = ORIENTED_EDGE('',*,*,#1756,.T.);
#3883 = ORIENTED_EDGE('',*,*,#1780,.T.);
#3884 = ORIENTED_EDGE('',*,*,#1805,.T.);
#3885 = ORIENTED_EDGE('',*,*,#1836,.F.);
#3886 = ORIENTED_EDGE('',*,*,#1854,.T.);
#3887 = ORIENTED_EDGE('',*,*,#1886,.F.);
#3888 = ORIENTED_EDGE('',*,*,#1904,.T.);
#3889 = ORIENTED_EDGE('',*,*,#1928,.T.);
#3890 = ORIENTED_EDGE('',*,*,#1953,.T.);
#3891 = ORIENTED_EDGE('',*,*,#2008,.F.);
#3892 = ORIENTED_EDGE('',*,*,#1993,.T.);
#3893 = ORIENTED_EDGE('',*,*,#2034,.F.);
#3894 = ORIENTED_EDGE('',*,*,#3441,.F.);
#3895 = ORIENTED_EDGE('',*,*,#3466,.F.);
#3896 = ORIENTED_EDGE('',*,*,#3490,.F.);
#3897 = ORIENTED_EDGE('',*,*,#3515,.F.);
#3898 = ORIENTED_EDGE('',*,*,#3539,.F.);
#3899 = ORIENTED_EDGE('',*,*,#3564,.F.);
#3900 = ORIENTED_EDGE('',*,*,#3589,.F.);
#3901 = ORIENTED_EDGE('',*,*,#3608,.F.);
#3902 = ORIENTED_EDGE('',*,*,#1491,.F.);
#3903 = ORIENTED_EDGE('',*,*,#1077,.F.);
#3904 = ORIENTED_EDGE('',*,*,#1122,.F.);
#3905 = ORIENTED_EDGE('',*,*,#1140,.T.);
#3906 = ORIENTED_EDGE('',*,*,#1164,.T.);
#3907 = ORIENTED_EDGE('',*,*,#1189,.T.);
#3908 = ORIENTED_EDGE('',*,*,#1220,.F.);
#3909 = ORIENTED_EDGE('',*,*,#1238,.T.);
#3910 = ORIENTED_EDGE('',*,*,#1270,.F.);
#3911 = ORIENTED_EDGE('',*,*,#1288,.T.);
#3912 = ORIENTED_EDGE('',*,*,#1312,.T.);
#3913 = ORIENTED_EDGE('',*,*,#1337,.T.);
#3914 = ORIENTED_EDGE('',*,*,#1465,.F.);
#3915 = ORIENTED_EDGE('',*,*,#1425,.T.);
#3916 = ORIENTED_EDGE('',*,*,#1401,.F.);
#3917 = ORIENTED_EDGE('',*,*,#1360,.F.);
#3918 = ORIENTED_EDGE('',*,*,#1448,.F.);
#3919 = ORIENTED_EDGE('',*,*,#3738,.F.);
#3920 = ORIENTED_EDGE('',*,*,#3764,.F.);
#3921 = ORIENTED_EDGE('',*,*,#3788,.T.);
#3922 = ORIENTED_EDGE('',*,*,#3641,.T.);
#3923 = ORIENTED_EDGE('',*,*,#3671,.F.);
#3924 = ORIENTED_EDGE('',*,*,#3689,.T.);
#3925 = ORIENTED_EDGE('',*,*,#3713,.T.);
#3926 = ORIENTED_EDGE('',*,*,#3417,.T.);
#3927 = ORIENTED_EDGE('',*,*,#1552,.F.);
#3928 = ORIENTED_EDGE('',*,*,#1520,.F.);
#3929 = ORIENTED_EDGE('',*,*,#1585,.F.);
#3930 = ORIENTED_EDGE('',*,*,#1609,.F.);
#3931 = ORIENTED_EDGE('',*,*,#1635,.F.);
#3932 = ORIENTED_EDGE('',*,*,#1675,.T.);
#3933 = ORIENTED_EDGE('',*,*,#3327,.T.);
#3934 = ORIENTED_EDGE('',*,*,#3350,.F.);
#3935 = ORIENTED_EDGE('',*,*,#3368,.T.);
#3936 = ORIENTED_EDGE('',*,*,#3392,.T.);
#3937 = ORIENTED_EDGE('',*,*,#3105,.T.);
#3938 = ORIENTED_EDGE('',*,*,#2120,.F.);
#3939 = ORIENTED_EDGE('',*,*,#2088,.F.);
#3940 = ORIENTED_EDGE('',*,*,#2153,.F.);
#3941 = ORIENTED_EDGE('',*,*,#2177,.F.);
#3942 = ORIENTED_EDGE('',*,*,#2203,.F.);
#3943 = ORIENTED_EDGE('',*,*,#2243,.T.);
#3944 = ORIENTED_EDGE('',*,*,#3015,.T.);
#3945 = ORIENTED_EDGE('',*,*,#3038,.F.);
#3946 = ORIENTED_EDGE('',*,*,#3056,.T.);
#3947 = ORIENTED_EDGE('',*,*,#3080,.T.);
#3948 = ORIENTED_EDGE('',*,*,#2793,.T.);
#3949 = ORIENTED_EDGE('',*,*,#2736,.F.);
#3950 = PLANE('',#3951);
#3951 = AXIS2_PLACEMENT_3D('',#3952,#3953,#3954);
#3952 = CARTESIAN_POINT('',(-34.55,21.65,15.4));
#3953 = DIRECTION('',(0.,1.,0.));
#3954 = DIRECTION('',(0.,0.,1.));
#3955 = ( GEOMETRIC_REPRESENTATION_CONTEXT(3) 
GLOBAL_UNCERTAINTY_ASSIGNED_CONTEXT((#3959)) 
GLOBAL_UNIT_ASSIGNED_CONTEXT((#3956,#3957,#3958)) REPRESENTATION_CONTEXT
('Context #1','3D Context with UNIT and UNCERTAINTY') );
#3956 = ( LENGTH_UNIT() NAMED_UNIT(*) SI_UNIT(.MILLI.,.METRE.) );
#3957 = ( NAMED_UNIT(*) PLANE_ANGLE_UNIT() SI_UNIT($,.RADIAN.) );
#3958 = ( NAMED_UNIT(*) SI_UNIT($,.STERADIAN.) SOLID_ANGLE_UNIT() );
#3959 = UNCERTAINTY_MEASURE_WITH_UNIT(LENGTH_MEASURE(1.E-07),#3956,
  'distance_accuracy_value','confusion accuracy');
#3960 = PRODUCT_RELATED_PRODUCT_CATEGORY('part',$,(#7));
ENDSEC;
END-ISO-10303-21;
